Source,URL,Neighborhood,District,Zone,Price_USD,Area_SQM,Price_Per_SQM,Scraped_Date
Dubizzle,https://www.olx.com.lb/ad/apartment-for-sale-in-bsalim-cpra182-%D8%B4%D9%82%D8%A9-%D9%84%D9%84%D8%A8%D9%8A%D8%B9-%D9%81%D9%8A-%D8%A8%D8%B5%D8%A7%D9%84%D9%8A%D9%85-ID117023355.html,Bsalim,El Meten,El Meten,260000.0,145.0,1793.1,2026-08-15 06:17
Dubizzle,https://www.olx.com.lb/ad/apartment-for-sale-in-achrafieh-iz-%D8%B4%D9%82%D8%A9-%D9%84%D9%84%D8%A8%D9%8A%D8%B9-%D9%81%D9%8A-%D8%A7%D9%84%D8%A7%D8%B4%D8%B1%D9%81%D9%8A%D8%A9-ID117024345.html,Sassine,Beirut,Achrafieh,365000.0,200.0,1825.0,2026-08-15 06:17
Dubizzle,https://www.olx.com.lb/ad/apartment-for-sale-in-jadra-az-%D8%B4%D9%82%D8%A9-%D9%84%D9%84%D8%A8%D9%8A%D8%B9-%D9%81%D9%8A-%D8%AC%D8%AF%D8%B1%D8%A7-ID117003374.html,Jadra,Chouf,Chouf,89000.0,115.0,773.9,2026-08-15 06:17
Dubizzle,https://www.olx.com.lb/ad/semi-furnished-apartment-for-sale-in-achrafieh-cpbrc46-ID117000449.html,Beirut,Unknown,Unknown,155000.0,75.0,2066.7,2026-08-15 06:17
Dubizzle,https://www.olx.com.lb/ad/apartment-for-sale-under-construction-nahr-ibrahim-ra302123-ID116967404.html,Nahr Ibrahim,Jbeil,Jbeil,145000.0,105.0,1381.0,2026-08-15 06:17
Dubizzle,https://www.olx.com.lb/ad/ajaltoun-200m2-super-luxurious-new-impressive-view-gmkh-ID116475951.html,Unknown,Unknown,Unknown,240000.0,200.0,1200.0,2026-08-15 06:17
Dubizzle,https://www.olx.com.lb/ad/apartment-for-sale-in-tariq-jdideh-%D8%B4%D9%82%D8%A9-%D9%84%D9%84%D8%A8%D9%8A%D8%B9-%D9%81%D9%8A-%D8%A7%D9%84%D8%B7%D8%B1%D9%8A%D9%82-%D8%A7%D9%84%D8%AC%D8%AF%D9%8A%D8%AF%D8%A9-ID116955385.html,Tariq el Jdideh,Beirut,Mazraa,100000.0,110.0,909.1,2026-08-15 06:17
Dubizzle,https://www.olx.com.lb/ad/furnished-apartment-for-sale-in-achrafieh-sioufi%D8%B4%D9%82%D8%A9-%D9%84%D9%84%D8%A8%D9%8A%D8%B9-%D9%81%D9%8A-%D8%A7%D9%84%D8%A7%D8%B4%D8%B1%D9%81%D9%8A%D8%A9-ID117026388.html,Sioufi,Beirut,Achrafieh,300000.0,140.0,2142.9,2026-08-15 06:17
Dubizzle,https://www.olx.com.lb/ad/apartment-for-sale-in-rabieh-naccache---cpta101-ID116920521.html,Naccache,El Meten,El Meten,700000.0,600.0,1166.7,2026-08-15 06:17
Dubizzle,https://www.olx.com.lb/ad/villa-for-sale-broumana-%DA%A4%D9%8A%D9%84%D8%A7-%D9%84%D9%84%D8%A8%D9%8A%D8%B9-%D8%A8%D8%B1%D9%85%D8%A7%D9%86%D8%A7-ID117022308.html,Broummana,El Meten,El Meten,750000.0,408.0,1838.2,2026-08-15 06:17
Dubizzle,https://www.olx.com.lb/ad/under-construction-for-sale-in-sahel-alma-cpktc43-ID116265109.html,Unknown,Unknown,Unknown,420000.0,270.0,1555.6,2026-08-15 06:17
Dubizzle,https://www.olx.com.lb/ad/apartment-for-sale-in-bchamoun-%D8%B4%D9%82%D8%A9-%D9%84%D9%84%D8%A8%D9%8A%D8%B9-%D9%81%D9%8A-%D8%A8%D8%B4%D8%A7%D9%85%D9%88%D9%86-ID117025471.html,Bchamoun,Aley,Aley,150000.0,200.0,750.0,2026-08-15 06:17
Dubizzle,https://www.olx.com.lb/ad/dy3745-mansourieh-apartment-for-sale-ID117023242.html,Mansourieh,El Meten,El Meten,145000.0,150.0,966.7,2026-08-15 06:17
Dubizzle,https://www.olx.com.lb/ad/duplex-for-sale-sheileh-ID117018785.html,Unknown,Unknown,Unknown,215000.0,240.0,895.8,2026-08-15 06:17
Dubizzle,https://www.olx.com.lb/ad/exclusive-apartment-for-sale-beit-meri-ID117002038.html,Beit Mery,El Meten,El Meten,200000.0,245.0,816.3,2026-08-15 06:17
Dubizzle,https://www.olx.com.lb/ad/apartment-for-sale-in-nowayri-kz-%D8%B4%D9%82%D8%A9-%D9%84%D9%84%D8%A8%D9%8A%D8%B9-%D9%81%D9%8A-%D9%86%D9%88%D9%8A%D8%B1%D9%8A-ID116998686.html,Nowayri,Beirut,Beirut-Other,95000.0,100.0,950.0,2026-08-15 06:17
Dubizzle,https://www.olx.com.lb/ad/apartment-for-sale-in-rawche-%D8%B4%D9%82%D8%A9-%D9%84%D9%84%D8%A8%D9%8A%D8%B9-%D9%81%D9%8A-%D8%A7%D9%84%D8%B1%D9%88%D8%B4%D8%A9-ID116998045.html,Rawche,Beirut,Ras Beyrouth,860000.0,320.0,2687.5,2026-08-15 06:17
Dubizzle,https://www.olx.com.lb/ad/under-construction-apts-for-sale-in-hamra-418-000-%D8%B4%D9%82%D9%82-%D9%84%D9%84%D8%A8%D9%8A%D8%B9-%D9%81%D9%8A-%D8%A7%D9%84%D8%AD%D9%85%D8%B1%D8%A7-ID116988581.html,Hamra,Beirut,Ras Beyrouth,418000.0,109.0,3834.9,2026-08-15 06:17
Dubizzle,https://www.olx.com.lb/ad/%D8%B4%D9%82%D8%A9-%D9%84%D9%84%D8%A8%D9%8A%D8%B9-%D9%81%D9%8A-%D8%A7%D9%84%D8%AF%D9%83%D9%88%D8%A7%D9%86%D8%A9-170-000-apartment-for-sale-in-dekwaneh-ID116985130.html,Dekwaneh,El Meten,El Meten,170000.0,100.0,1700.0,2026-08-15 06:17
Dubizzle,https://www.olx.com.lb/ad/dy3666-amchit-new-spacious-duplex-for-sale-ID116981569.html,Aamchit,Jbeil,Jbeil,220000.0,327.0,672.8,2026-08-15 06:17
Dubizzle,https://www.olx.com.lb/ad/dy3664-hboub-high-end-decorated-apartment-with-terrace-for-sale-ID116981519.html,Hboub,Jbeil,Jbeil,175000.0,220.0,795.5,2026-08-15 06:17
Dubizzle,https://www.olx.com.lb/ad/dy3582-ghazir-apartment-for-sale-with-panoramic-view-ID116934460.html,Unknown,Unknown,Unknown,277500.0,185.0,1500.0,2026-08-15 06:17
Dubizzle,https://www.olx.com.lb/ad/apartment-for-sale-ain-el-remmaneh-%D8%B4%D9%82%D8%A9-%D9%84%D9%84%D8%A8%D9%8A%D8%B9-%D8%B9%D9%8A%D9%86-%D8%A7%D9%84%D8%B1%D9%85%D8%A7%D9%86%D8%A9-ID116867711.html,Ain El Remmaneh,Beirut,Beirut-Other,210000.0,149.0,1409.4,2026-08-15 06:17
Dubizzle,https://www.olx.com.lb/ad/%D8%B3%D9%87%D9%8A%D9%84%D8%A9-%D8%B4%D9%82%D8%A9-%D8%B7%D8%A7%D8%A8%D9%82-%D8%A7%D9%88%D9%84-%D9%A1-%D8%B5%D8%A7%D9%84%D9%88%D9%86-%D9%A1-%D9%86%D9%88%D9%85-%D9%A1-%D8%AD%D9%85%D8%A7%D9%85-74-%D8%A7%D9%84%D9%81-%D8%AF%D9%88%D9%84%D8%A7%D8%B1-ID116476935.html,Unknown,Unknown,Unknown,63000.0,75.0,840.0,2026-08-15 06:17
Dubizzle,https://www.olx.com.lb/ad/hot-deal-zouk-mikayel-for-only-65000-ID117013351.html,Unknown,Unknown,Unknown,65000.0,75.0,866.7,2026-08-15 06:17
Dubizzle,https://www.olx.com.lb/ad/apartment-with-garden-for-sale-in-monteverde-%D8%B4%D9%82%D8%A9-%D9%84%D9%84%D8%A8%D9%8A%D8%B9-ph-ID116941332.html,Monteverde,El Meten,El Meten,449999.0,180.0,2500.0,2026-08-15 06:17
Dubizzle,https://www.olx.com.lb/ad/apartment-for-sale-in-mansourieh-%D8%B4%D9%82%D8%A9-%D9%84%D9%84%D8%A8%D9%8A%D8%B9-ph-ID116865670.html,Mansourieh,El Meten,El Meten,319999.0,230.0,1391.3,2026-08-15 06:17
Dubizzle,https://www.olx.com.lb/ad/jal-el-dib-190-sqm-prime-location-flat-wide-street-ID116832291.html,Jal El Dib,El Meten,El Meten,360000.0,190.0,1894.7,2026-08-15 06:17
Dubizzle,https://www.olx.com.lb/ad/for-sale-in-zouk-mikayel-160m-3-bed-3-wc-for-135000-open-view-ID116813242.html,Unknown,Unknown,Unknown,135000.0,161.0,838.5,2026-08-15 06:17
Dubizzle,https://www.olx.com.lb/ad/dbaye-prime-location-245-sqm-sea-view-close-to-malls-ID115324384.html,Dbaye,El Meten,El Meten,400000.0,220.0,1818.2,2026-08-15 06:17
Dubizzle,https://www.olx.com.lb/ad/apartment-for-sale-in-martakla-230-sqm-ID117028740.html,Mar Takla,Baabda,Baabda,370000.0,230.0,1608.7,2026-08-15 06:17
Dubizzle,https://www.olx.com.lb/ad/mazraat-yachouh-133m2-fully-upgraded-furnished-luxury-ew-ID116809115.html,Mazraat Yachouh,El Meten,El Meten,128000.0,133.0,962.4,2026-08-15 06:17
Dubizzle,https://www.olx.com.lb/ad/mazraat-yachouh-140m2-pyt-facilities-under-construction-pmew-ID116705899.html,Mazraat Yachouh,El Meten,El Meten,200000.0,140.0,1428.6,2026-08-15 06:17
Dubizzle,https://www.olx.com.lb/ad/ain-aar-new-202-sqm-payment-facilities-ID116629032.html,Ain Aar,El Meten,El Meten,335000.0,202.0,1658.4,2026-08-15 06:17
Dubizzle,https://www.olx.com.lb/ad/rabwe-216-sqm-open-view-payment-facilities-ID116173486.html,Rabweh,El Meten,El Meten,270000.0,216.0,1250.0,2026-08-15 06:17
Dubizzle,https://www.olx.com.lb/ad/brand-new-180-sqm-apartment-with-70-sqm-private-terrace-ID117020965.html,Mansourieh,El Meten,El Meten,285000.0,180.0,1583.3,2026-08-15 06:17
Dubizzle,https://www.olx.com.lb/ad/spacious-mountain-view-apartment-for-sale-in-hazmieh-220-sqm-ID116985500.html,Hazmieh,Baabda,Baabda,350000.0,220.0,1590.9,2026-08-15 06:17
Dubizzle,https://www.olx.com.lb/ad/hazmieh-near-mar-takla-quite-area-ideal-for-living-for-sale-ID116806336.html,Hazmieh,Baabda,Baabda,500000.0,225.0,2222.2,2026-08-15 06:17
Dubizzle,https://www.olx.com.lb/ad/biyada-under-construction-250-swm-apartments-full-sea-view-ID117020674.html,Biyada,El Meten,El Meten,625000.0,250.0,2500.0,2026-08-15 06:17
Dubizzle,https://www.olx.com.lb/ad/apartment-for-sale-in-jdeideh-%D8%B4%D9%82%D8%A9-%D9%84%D9%84%D8%A8%D9%8A%D8%B9-ph-ID116819079.html,Jdaide,El Meten,El Meten,235000.0,166.0,1415.7,2026-08-15 06:17
Dubizzle,https://www.olx.com.lb/ad/ballouneh-125m2-well-maintained-calm-area-private-street-el-ID116969129.html,Unknown,Unknown,Unknown,110000.0,125.0,880.0,2026-08-15 06:17
Dubizzle,https://www.olx.com.lb/ad/ajaltoun-188m2-under-construction-pyt-facilities-high-end-tyt-ID116968611.html,Unknown,Unknown,Unknown,310000.0,188.0,1648.9,2026-08-15 06:17
Dubizzle,https://www.olx.com.lb/ad/ballouneh-170m2-well-maintained-mountain-view-eleh-ID116887139.html,Unknown,Unknown,Unknown,120000.0,170.0,705.9,2026-08-15 06:17
Dubizzle,https://www.olx.com.lb/ad/ballouneh-156m2-classy-area-mountain-view-well-maintained-to-ID116807380.html,Unknown,Unknown,Unknown,185000.0,156.0,1185.9,2026-08-15 06:17
Dubizzle,https://www.olx.com.lb/ad/ajaltoun-225m2-fully-furnished-well-maintained-mountain-view-d-ID116734870.html,Unknown,Unknown,Unknown,225000.0,225.0,1000.0,2026-08-15 06:17
Dubizzle,https://www.olx.com.lb/ad/2-bedroom-apartment-for-sale-in-larnaca-cyprus-prime-location-ID116952351.html,International,Unknown,Unknown,165000.0,83.0,1988.0,2026-08-15 06:17
Dubizzle,https://www.olx.com.lb/ad/apartment-for-sale-in-kartboun-jbeil-%D8%B4%D9%82%D8%A9-%D9%84%D9%84%D8%A8%D9%8A%D8%B9-%D9%81%D9%8A-%D9%82%D8%B1%D8%B7%D8%A8%D9%88%D9%86-%D8%AC%D8%A8%D9%8A%D9%84cpjrk366-ID117023029.html,Kartaboun,Jbeil,Jbeil,210000.0,254.0,826.8,2026-08-15 06:17
Dubizzle,https://www.olx.com.lb/ad/apartment-for-sale-in-jadra-az-%D8%B4%D9%82%D8%A9-%D9%84%D9%84%D8%A8%D9%8A%D8%B9-%D9%81%D9%8A-%D8%AC%D8%AF%D8%B1%D8%A7-ID117003374.html,Jadra,Chouf,Chouf,89000.0,115.0,773.9,2026-08-15 06:17
Dubizzle,https://www.olx.com.lb/ad/275-sqm-apartment-in-sehayleh-with-full-sea-%26-city-view-ID116932973.html,Unknown,Unknown,Unknown,225000.0,275.0,818.2,2026-08-15 06:17
Dubizzle,https://www.olx.com.lb/ad/a-rare-find-premium-apartment-with-terrace-for-sale-in-broumana-ID116169253.html,Broummana,El Meten,El Meten,460000.0,260.0,1769.2,2026-08-15 06:17
Dubizzle,https://www.olx.com.lb/ad/ballouneh-350m2-150m2-garden-super-luxurious-catch-my-ID116021064.html,Unknown,Unknown,Unknown,300000.0,350.0,857.1,2026-08-15 06:17
Dubizzle,https://www.olx.com.lb/ad/luxurious-400m2-sea-view-apartment-for-sale-in-sahel-alma-800-000-cash-ID116959962.html,Unknown,Unknown,Unknown,750000.0,400.0,1875.0,2026-08-15 06:17
Dubizzle,https://www.olx.com.lb/ad/sheileh-200m2-prime-location-panoramic-view-super-luxurious-ac-ID116254552.html,Unknown,Unknown,Unknown,260000.0,200.0,1300.0,2026-08-15 06:17
Dubizzle,https://www.olx.com.lb/ad/130-sqm-furnished-apartment-for-sale-in-ajaltoun-ID117021488.html,Unknown,Unknown,Unknown,160000.0,130.0,1230.8,2026-08-15 06:17
Dubizzle,https://www.olx.com.lb/ad/apartment-for-sale-in-dawhet-aaramoun-%D8%B4%D9%82%D8%A9-%D9%85%D9%85%D9%8A%D8%B2%D8%A9-%D9%84%D9%84%D8%A8%D9%8A%D8%B9-%D9%81%D9%8A-%D8%AF%D9%88%D8%AD%D8%A9-%D8%B9%D8%B1%D9%85%D9%88%D9%86-ID116660328.html,Dawhet Aaramoun,Aley,Aley,120000.0,130.0,923.1,2026-08-15 06:17
Dubizzle,https://www.olx.com.lb/ad/ajaltoun-900m2-villa-unique-property-open-view-2400m2-land-ID115485254.html,Unknown,Unknown,Unknown,950000.0,900.0,1055.6,2026-08-15 06:17
Dubizzle,https://www.olx.com.lb/ad/ajaltoun-220m2-high-end-brand-new-view-lease-to-own-ID114845253.html,Unknown,Unknown,Unknown,200000.0,220.0,909.1,2026-08-15 06:17
Dubizzle,https://www.olx.com.lb/ad/ajaltoun-550m2-1250m2-land-view-unique-catch-ID112770920.html,Unknown,Unknown,Unknown,635000.0,550.0,1154.5,2026-08-15 06:17
Dubizzle,https://www.olx.com.lb/ad/ajaltoun-240m2-high-end-prime-view-furnished-unique-yveh-ID112272506.html,Unknown,Unknown,Unknown,400000.0,240.0,1666.7,2026-08-15 06:17
Dubizzle,https://www.olx.com.lb/ad/modern-3-bedroom-apartment-for-sale-in-sadd-bouchrieh-ID116974388.html,Sad El Baouchriyeh,El Meten,El Meten,160000.0,160.0,1000.0,2026-08-15 06:17
Dubizzle,https://www.olx.com.lb/ad/ajaltoun-240m2-50m2-terrace-classy-area-prime-location-chj-ID116805624.html,Unknown,Unknown,Unknown,400000.0,240.0,1666.7,2026-08-15 06:17
Dubizzle,https://www.olx.com.lb/ad/ballouneh-176m2-open-view-well-maintained-excellent-conditionto-ID116773619.html,Unknown,Unknown,Unknown,150000.0,176.0,852.3,2026-08-15 06:17
Dubizzle,https://www.olx.com.lb/ad/jeita-190m2-350m2-garden-mint-condition-partly-furnished-ID115092065.html,Unknown,Unknown,Unknown,220000.0,190.0,1157.9,2026-08-15 06:17
Dubizzle,https://www.olx.com.lb/ad/zahle-fully-furnished-decorated-terrace-open-view-ref-6771-ID116633804.html,Ain el Ghossein,Zahle,Zahle,130000.0,143.0,909.1,2026-08-15 06:17
Dubizzle,https://www.olx.com.lb/ad/ajaltoun-140m2-terrace-furnished-view-prime-location-kh-ID116973220.html,Unknown,Unknown,Unknown,155000.0,140.0,1107.1,2026-08-15 06:17
Dubizzle,https://www.olx.com.lb/ad/ajaltoun-80m2-500m2-garden-private-street-unique-property-tyt-ID116970025.html,Unknown,Unknown,Unknown,200000.0,80.0,2500.0,2026-08-15 06:17
Dubizzle,https://www.olx.com.lb/ad/136-sqm-apartment-for-sale-in-antelias-esken-eligible-ID116968766.html,Antelias,El Meten,El Meten,140000.0,136.0,1029.4,2026-08-15 06:17
Dubizzle,https://www.olx.com.lb/ad/ajaltoun-175m2-%7C-full-y-furnished-%7C-panoramic-view-%7C-prime-locaiton%7Cwa-ID116922511.html,Unknown,Unknown,Unknown,230000.0,175.0,1314.3,2026-08-15 06:17
Dubizzle,https://www.olx.com.lb/ad/ain-el-rihaneh-125m2-renovated-prime-location-quiet-area-el-ID116896517.html,Unknown,Unknown,Unknown,85000.0,125.0,680.0,2026-08-15 06:17
Dubizzle,https://www.olx.com.lb/ad/ajaltoun-165m2-mountain-view-catch-quiet-street-to-ID116814417.html,Unknown,Unknown,Unknown,210000.0,165.0,1272.7,2026-08-15 06:17
Dubizzle,https://www.olx.com.lb/ad/ajaltoun-175m2-classy-area-excellent-condition-flat-to-ID116664632.html,Unknown,Unknown,Unknown,158000.0,175.0,902.9,2026-08-15 06:17
Dubizzle,https://www.olx.com.lb/ad/jeitaain-el-rihaneh-140m2-high-end-open-view-el-ID116637619.html,Unknown,Unknown,Unknown,125000.0,140.0,892.9,2026-08-15 06:17
Dubizzle,https://www.olx.com.lb/ad/ajaltoun-115m2-furnished-flat-decorated-open-mountain-view-ro-ID116495202.html,Unknown,Unknown,Unknown,155000.0,115.0,1347.8,2026-08-15 06:17
Dubizzle,https://www.olx.com.lb/ad/165-sqm-apartment-in-new-sheileh-keserwan-high-end-ID116114047.html,Unknown,Unknown,Unknown,210000.0,165.0,1272.7,2026-08-15 06:17
Dubizzle,https://www.olx.com.lb/ad/sheileh-220m2-60m2-terrace-luxurious-private-street-my-ID115663423.html,Unknown,Unknown,Unknown,250000.0,220.0,1136.4,2026-08-15 06:17
Dubizzle,https://www.olx.com.lb/ad/ballouneh-330m2-fully-furnished-high-end-sea-view-ID106397914.html,Unknown,Unknown,Unknown,300000.0,330.0,909.1,2026-08-15 06:17
Dubizzle,https://www.olx.com.lb/ad/brand-new-fully-furnished-apartment-in-sehayle-open-mountain-view-6062-ID116961136.html,Unknown,Unknown,Unknown,280000.0,168.0,1666.7,2026-08-15 06:17
Dubizzle,https://www.olx.com.lb/ad/apartment-for-sale-with-very-catchy-price-in-achrafieh-ID117018532.html,Hotel Dieu,Beirut,Achrafieh,388000.0,200.0,1940.0,2026-08-15 06:17
Dubizzle,https://www.olx.com.lb/ad/ballouneh-180m2-terrace-prime-location-calm-area-to-rkh-ID117003082.html,Unknown,Unknown,Unknown,160000.0,180.0,888.9,2026-08-15 06:17
Dubizzle,https://www.olx.com.lb/ad/jeita-135m2-decorated-panoramic-view-high-end-el-ID116958312.html,Unknown,Unknown,Unknown,125000.0,135.0,925.9,2026-08-15 06:17
Dubizzle,https://www.olx.com.lb/ad/ballouneh-240m2-decorated-mountain-view-private-street-to-ID116953997.html,Unknown,Unknown,Unknown,200000.0,240.0,833.3,2026-08-15 06:17
Dubizzle,https://www.olx.com.lb/ad/sheileh-145m2-well-maintained-luxury-lebanes-style-el-ID116953085.html,Unknown,Unknown,Unknown,89000.0,145.0,613.8,2026-08-15 06:17
Dubizzle,https://www.olx.com.lb/ad/ballouneh-200m2-%7C-furnished-%7C-calm-area-%7C-panoramic-view-%7C-to-ID116907656.html,Unknown,Unknown,Unknown,235000.0,200.0,1175.0,2026-08-15 06:17
Dubizzle,https://www.olx.com.lb/ad/ballouneh-110m2-%7C-fully-upgraded-%7C-prime-location-%7C-cozy-flat-%7C-catch-%7C-el-%7C-ID116904349.html,Unknown,Unknown,Unknown,110000.0,110.0,1000.0,2026-08-15 06:17
Dubizzle,https://www.olx.com.lb/ad/ballouneh-155m2-payment-facilities-new-high-end-to-ID116868973.html,Unknown,Unknown,Unknown,200000.0,155.0,1290.3,2026-08-15 06:17
Dubizzle,https://www.olx.com.lb/ad/ballouneh-210m2-prime-location-sea-view-private-street-el-ID116868906.html,Unknown,Unknown,Unknown,270000.0,210.0,1285.7,2026-08-15 06:17
Dubizzle,https://www.olx.com.lb/ad/apartment-in-halat-for-sale-payment-plan-%D8%B4%D9%82%D8%A9-%D9%84%D9%84%D8%A8%D9%8A%D8%B9-pls-26544-10-ID117017981.html,Halat,Jbeil,Jbeil,130000.0,85.0,1529.4,2026-08-15 06:17
Dubizzle,https://www.olx.com.lb/ad/villa-in-safra-for-sale-payment-plan-%D9%81%D9%8A%D9%84%D8%A7-%D9%84%D9%84%D8%A8%D9%8A%D8%B9-pls-26534-a2-ID117016649.html,Unknown,Unknown,Unknown,410000.0,237.0,1730.0,2026-08-15 06:17
Dubizzle,https://www.olx.com.lb/ad/ajaltoun-190m2-130m2-garden-oepn-view-prime-location-to-ID117008705.html,Unknown,Unknown,Unknown,270000.0,190.0,1421.1,2026-08-15 06:17
Dubizzle,https://www.olx.com.lb/ad/open-view-apartment-for-sale-in-louaize-ID117025979.html,Louaizeh,Baabda,Baabda,175000.0,165.0,1060.6,2026-08-15 06:17
Dubizzle,https://www.olx.com.lb/ad/apartment-for-sale-in-achrafieh-aa4482-%D8%B4%D9%82%D8%A9-%D9%84%D9%84%D8%A8%D9%8A%D8%B9-%D9%81%D9%8A-%D8%A7%D9%84%D8%A3%D8%B4%D8%B1%D9%81%D9%8A%D8%A9-ID117011802.html,Achrafieh,Beirut,Achrafieh,210000.0,120.0,1750.0,2026-08-15 06:17
Dubizzle,https://www.olx.com.lb/ad/off-plan-apartments-for-sale-bayada-cornet-chehwan-rh201033-ID116874132.html,Cornet Chahwan,El Meten,El Meten,625000.0,250.0,2500.0,2026-08-15 06:17
Dubizzle,https://www.olx.com.lb/ad/2-floors-old-house-for-sale-on-the-main-road-in-beit-meri-ID116406683.html,Beit Mery,El Meten,El Meten,450000.0,500.0,900.0,2026-08-15 06:17
Dubizzle,https://www.olx.com.lb/ad/dy3456-adma-new-prime-location-duplex-for-sale-ID116881197.html,Unknown,Unknown,Unknown,650000.0,533.0,1219.5,2026-08-15 06:17
Dubizzle,https://www.olx.com.lb/ad/ain-el-rihaneh-150m2-well-maintained-esken-available-calm-area-ID117005655.html,Unknown,Unknown,Unknown,130000.0,150.0,866.7,2026-08-15 06:17
Dubizzle,https://www.olx.com.lb/ad/208-sqm-apartment-for-sale-in-dekwaneh-ID115482426.html,Dekwaneh,El Meten,El Meten,140000.0,208.0,673.1,2026-08-15 06:17
Dubizzle,https://www.olx.com.lb/ad/prime-location-mounir-street-350-sqm-luxurious-sea-view-ID116007565.html,Broummana,El Meten,El Meten,800000.0,350.0,2285.7,2026-08-15 06:17
Dubizzle,https://www.olx.com.lb/ad/ballouneh-100m2-well-maintained-studio-calm-area-el-ID116868689.html,Unknown,Unknown,Unknown,80000.0,100.0,800.0,2026-08-15 06:17
Dubizzle,https://www.olx.com.lb/ad/ballouneh-220m2-well-maintained-open-view-calm-area-catch-to-ID116858317.html,Unknown,Unknown,Unknown,195000.0,220.0,886.4,2026-08-15 06:17
Dubizzle,https://www.olx.com.lb/ad/ballouneh-205m2-well-maintained-private-street-calm-area-to-ID116828206.html,Unknown,Unknown,Unknown,175000.0,205.0,853.7,2026-08-15 06:17
Dubizzle,https://www.olx.com.lb/ad/ain-el-rihaneh-120m2-70m2-terrace-new-accessible-quiet-el-ID116827346.html,Unknown,Unknown,Unknown,120000.0,120.0,1000.0,2026-08-15 06:17
Dubizzle,https://www.olx.com.lb/ad/sheileh-165m2-super-luxurious-110m2-terrace-high-end-el-ID116803029.html,Unknown,Unknown,Unknown,205000.0,165.0,1242.4,2026-08-15 06:17
Dubizzle,https://www.olx.com.lb/ad/ain-el-rihaneh-165m2-mint-condition-fully-furnished-el-ID116789795.html,Unknown,Unknown,Unknown,145000.0,165.0,878.8,2026-08-15 06:17
Dubizzle,https://www.olx.com.lb/ad/sheileh-200m2-40m2-terrace-new-high-end-private-street-tomi-ID116771322.html,Unknown,Unknown,Unknown,190000.0,200.0,950.0,2026-08-15 06:17
Dubizzle,https://www.olx.com.lb/ad/ballouneh-175m2-furnished-calm-area-panoramic-view-pedto-ID116743280.html,Unknown,Unknown,Unknown,175000.0,175.0,1000.0,2026-08-15 06:17
Dubizzle,https://www.olx.com.lb/ad/sheileh-160m2-prime-location-open-view-standard-to-ID116739503.html,Unknown,Unknown,Unknown,110000.0,160.0,687.5,2026-08-15 06:17
Dubizzle,https://www.olx.com.lb/ad/ballouneh-300m2-prestigious-building-excellent-conditon-unique-ID116712594.html,Unknown,Unknown,Unknown,400000.0,300.0,1333.3,2026-08-15 06:17
Dubizzle,https://www.olx.com.lb/ad/ballouneh-400m2-duplex-panoramic-view-private-street-to-ID116706975.html,Unknown,Unknown,Unknown,450000.0,450.0,1000.0,2026-08-15 06:17
Dubizzle,https://www.olx.com.lb/ad/ballouneh-240m2-240m2-terrace-sea-view-prime-location-ga-ID116689807.html,Unknown,Unknown,Unknown,375000.0,240.0,1562.5,2026-08-15 06:17
Dubizzle,https://www.olx.com.lb/ad/sheileh-130m2-30m2-terrace-private-entrance-catch-ID116677107.html,Unknown,Unknown,Unknown,115000.0,160.0,718.8,2026-08-15 06:17
Dubizzle,https://www.olx.com.lb/ad/ain-el-rihaneh-170m2-130m2-terrace-panoramic-view-high-end-el-ID116653432.html,Unknown,Unknown,Unknown,150000.0,170.0,882.4,2026-08-15 06:17
Dubizzle,https://www.olx.com.lb/ad/new-sheileh-178m2-30m2-terrace-semi-furnished-ksto-ID116635881.html,Unknown,Unknown,Unknown,160000.0,178.0,898.9,2026-08-15 06:17
Dubizzle,https://www.olx.com.lb/ad/sheileh-175m2-well-lighted-private-street-calm-area-to-ID116560630.html,Unknown,Unknown,Unknown,145000.0,175.0,828.6,2026-08-15 06:17
Dubizzle,https://www.olx.com.lb/ad/sheileh-190m2-mint-condition-panoramic-view-quiet-street-to-ID116558935.html,Unknown,Unknown,Unknown,175000.0,190.0,921.1,2026-08-15 06:17
Dubizzle,https://www.olx.com.lb/ad/sheileh-145m2-mint-condition-new-flat-prime-area-to-ID116558617.html,Unknown,Unknown,Unknown,145000.0,145.0,1000.0,2026-08-15 06:17
Dubizzle,https://www.olx.com.lb/ad/ain-el-rihaneh-165m2-mint-condition-super-catch-view-el-ID116516376.html,Unknown,Unknown,Unknown,130000.0,165.0,787.9,2026-08-15 06:17
Dubizzle,https://www.olx.com.lb/ad/ballouneh-200m2-furnished-upgraded-panoramic-view-catch-bg-ID116502725.html,Unknown,Unknown,Unknown,265000.0,200.0,1325.0,2026-08-15 06:17
Dubizzle,https://www.olx.com.lb/ad/ballouneh-300m2-furnished-prime-location-payment-facilities-to-ID116501451.html,Unknown,Unknown,Unknown,300000.0,300.0,1000.0,2026-08-15 06:17
Dubizzle,https://www.olx.com.lb/ad/ballouneh-250m2-150m2-gardenterrace-private-entrance-calm-areael-ID116320177.html,Unknown,Unknown,Unknown,300000.0,250.0,1200.0,2026-08-15 06:17
Dubizzle,https://www.olx.com.lb/ad/ballouneh-400m2-duplex-prime-location-fully-upgraded-ac-ID116129066.html,Unknown,Unknown,Unknown,370000.0,400.0,925.0,2026-08-15 06:17
Dubizzle,https://www.olx.com.lb/ad/ballouneh-250m2-duplex-astonishing-view-prime-location-ac-ID116128643.html,Unknown,Unknown,Unknown,325000.0,250.0,1300.0,2026-08-15 06:17
Dubizzle,https://www.olx.com.lb/ad/ballouneh-580m2-panoramic-view-prime-location-high-end-catchac-ID116127917.html,Unknown,Unknown,Unknown,450000.0,580.0,775.9,2026-08-15 06:17
Dubizzle,https://www.olx.com.lb/ad/sheileh-245m2-new-luxurious-unique-prime-location-ac-ID116062514.html,Unknown,Unknown,Unknown,300000.0,245.0,1224.5,2026-08-15 06:17
Dubizzle,https://www.olx.com.lb/ad/ballouneh-150m2-100m2-terrace-well-maintained-to-ID115952106.html,Unknown,Unknown,Unknown,230000.0,150.0,1533.3,2026-08-15 06:17
Dubizzle,https://www.olx.com.lb/ad/jeita-330m2-panoramic-view-partly-furnished-well-lighted-el-ID115846045.html,Unknown,Unknown,Unknown,260000.0,330.0,787.9,2026-08-15 06:17
Dubizzle,https://www.olx.com.lb/ad/ballouneh-300m2-penthouse-rooftop-panoramic-view-to-ID115845534.html,Unknown,Unknown,Unknown,250000.0,300.0,833.3,2026-08-15 06:17
Dubizzle,https://www.olx.com.lb/ad/sheileh-185m2-40m2-terrace-luxury-private-entrance-view-to-ID115837187.html,Unknown,Unknown,Unknown,225000.0,185.0,1216.2,2026-08-15 06:17
Dubizzle,https://www.olx.com.lb/ad/ballouneh-235m2-luxury-decorated-party-furnished-view-to-ID115764957.html,Unknown,Unknown,Unknown,225000.0,235.0,957.4,2026-08-15 06:17
Dubizzle,https://www.olx.com.lb/ad/ballouneh-150m2-30m2-terrace-open-view-well-maintained-to-ID115708101.html,Unknown,Unknown,Unknown,130000.0,150.0,866.7,2026-08-15 06:17
Dubizzle,https://www.olx.com.lb/ad/ballouneh-400m2-duplex-fully-furnished-high-end-upgraded-ID115634527.html,Unknown,Unknown,Unknown,450000.0,400.0,1125.0,2026-08-15 06:17
Dubizzle,https://www.olx.com.lb/ad/fully-furnished-apartment-ID117025530.html,Airport,Beirut,Beirut-Other,500000.0,390.0,1282.1,2026-08-15 06:17
Dubizzle,https://www.olx.com.lb/ad/best-of-the-best-2-apartments-in-one-deal-%D8%B4%D9%82%D8%AA%D9%8A%D9%86-%D8%A8%D8%B3%D9%86%D8%AF-%D9%88%D8%A7%D8%AD%D8%AF-%D8%A7%D9%84%D9%85%D9%86%D8%B5%D9%88%D8%B1%D9%8A%D8%A9-ID117024811.html,Mansourieh,El Meten,El Meten,145000.0,100.0,1450.0,2026-08-15 06:17
Dubizzle,https://www.olx.com.lb/ad/240-sqm-apartment-for-sale-in-kfarhbab-%D8%B4%D9%82%D8%A9-%D9%84%D9%84%D8%A8%D9%8A%D8%B9-%D9%81%D9%8A-%D9%83%D9%81%D8%B1%D8%AD%D8%A8%D8%A7%D8%A8-ID116470455.html,Unknown,Unknown,Unknown,280000.0,240.0,1166.7,2026-08-15 06:17
Dubizzle,https://www.olx.com.lb/ad/apartment-for-sale-in-blaybel-ref-ml145-ID117022165.html,Blaybel,Baabda,Baabda,130000.0,120.0,1083.3,2026-08-15 06:17
Dubizzle,https://www.olx.com.lb/ad/300sqm-high-ceiling-duplex-for-sale-kfarhbab-sea-mountain-view-ID117003520.html,Unknown,Unknown,Unknown,465000.0,300.0,1550.0,2026-08-15 06:17
Dubizzle,https://www.olx.com.lb/ad/apartment-for-sale-in-zouk-mikael-rk315-%D8%B4%D9%82%D8%A9-%D9%84%D9%84%D8%A8%D9%8A%D8%B9-%D9%81%D9%8A-%D8%B2%D9%88%D9%82-%D9%85%D9%8A%D9%83%D8%A7%D9%8A%D9%84-ID116925569.html,Unknown,Unknown,Unknown,200000.0,135.0,1481.5,2026-08-15 06:17
Dubizzle,https://www.olx.com.lb/ad/vb-7205-apartment-for-sale-in-ain-el-rihane-%D8%B4%D9%82%D8%A9-%D9%84%D9%84%D8%A8%D9%8A%D8%B9-%D9%81%D9%8A-%D8%B9%D9%8A%D9%86-%D8%A7%D9%84%D8%B1%D9%8A%D8%AD%D8%A7%D9%86%D8%A9-ID117008547.html,Unknown,Unknown,Unknown,90000.0,130.0,692.3,2026-08-15 06:17
Dubizzle,https://www.olx.com.lb/ad/luxury-apartment-for-sale-in-monteverde-%D8%B4%D9%82%D8%A9-%D9%81%D8%A7%D8%AE%D8%B1%D8%A9-%D9%84%D9%84%D8%A8%D9%8A%D8%B9-%D9%81%D9%8A-%D9%85%D9%88%D9%86%D8%AA%D9%8A%D9%81%D9%8A%D8%B1%D8%AF%D9%8A-ID117015566.html,Monteverde,El Meten,El Meten,470000.0,221.0,2126.7,2026-08-15 06:17
Dubizzle,https://www.olx.com.lb/ad/apartment-for-sale-in-sahel-aalma-%D8%B4%D9%82%D8%A9-%D9%84%D9%84%D8%A8%D9%8A%D8%B9-%D9%81%D9%8A-%D8%B3%D8%A7%D8%AD%D9%84-%D8%B9%D9%84%D9%85%D8%A7-ID117001928.html,Unknown,Unknown,Unknown,175000.0,152.0,1151.3,2026-08-15 06:17
Dubizzle,https://www.olx.com.lb/ad/apartment-for-sale-in-zandouka-%D8%B4%D9%82%D8%A9-%D9%84%D9%84%D8%A8%D9%8A%D8%B9-%D9%81%D9%8A-%D8%B2%D9%86%D8%AF%D9%88%D9%82%D8%A9-ID117012177.html,Zandouka,El Meten,El Meten,120000.0,130.0,923.1,2026-08-15 06:17
Dubizzle,https://www.olx.com.lb/ad/apartment-for-sale-in-verdun-r3241-ID117011863.html,Verdun,Beirut,Moussaytbeh,330000.0,120.0,2750.0,2026-08-15 06:17
Dubizzle,https://www.olx.com.lb/ad/ballouneh-213m2-high-end-sea-view-prime-location-to-ID115458087.html,Unknown,Unknown,Unknown,400000.0,213.0,1877.9,2026-08-15 06:17
Dubizzle,https://www.olx.com.lb/ad/jeita-ain-el-rihaneh-borders-171m2-50m2-terrace-furnished-el-ID115378886.html,Unknown,Unknown,Unknown,165000.0,171.0,964.9,2026-08-15 06:17
Dubizzle,https://www.olx.com.lb/ad/jeita-260m2-fully-renovated-spacious-flat-luxurious-view-ID115103883.html,Unknown,Unknown,Unknown,210000.0,260.0,807.7,2026-08-15 06:17
Dubizzle,https://www.olx.com.lb/ad/ballouneh-500m2-750m2-land-ultra-prime-unique-super-catch-ID114797658.html,Unknown,Unknown,Unknown,1000000.0,500.0,2000.0,2026-08-15 06:17
Dubizzle,https://www.olx.com.lb/ad/ain-el-rihaneh-180m2-excellent-condition-sea-view-ID114717666.html,Unknown,Unknown,Unknown,160000.0,180.0,888.9,2026-08-15 06:17
Dubizzle,https://www.olx.com.lb/ad/sheileh-210m2-upgraded-panoramic-view-luxury-ID114647012.html,Unknown,Unknown,Unknown,225000.0,210.0,1071.4,2026-08-15 06:17
Dubizzle,https://www.olx.com.lb/ad/sheileh-165m2-well-maintained-calm-area-mountain-view-to-ID116951366.html,Unknown,Unknown,Unknown,165000.0,165.0,1000.0,2026-08-15 06:17
Dubizzle,https://www.olx.com.lb/ad/ajaltoun-166m2-50-down-payment-2-years-payment-facilities-ID116935966.html,Unknown,Unknown,Unknown,240000.0,166.0,1445.8,2026-08-15 06:17
Dubizzle,https://www.olx.com.lb/ad/ballouneh-170m2-%7C-70m2-terrace-%7C-ultra-upgraded-%7C-excellent-condition-ID116923936.html,Unknown,Unknown,Unknown,244000.0,170.0,1435.3,2026-08-15 06:17
Dubizzle,https://www.olx.com.lb/ad/ajaltoun-166m2-50-down-payment-2-years-payment-facilities-ID116898059.html,Unknown,Unknown,Unknown,240000.0,166.0,1445.8,2026-08-15 06:17
Dubizzle,https://www.olx.com.lb/ad/ajaltoun-160m2-panoramic-view-calm-area-prime-location-elda-ID116896412.html,Unknown,Unknown,Unknown,120000.0,160.0,750.0,2026-08-15 06:17
Dubizzle,https://www.olx.com.lb/ad/ajaltoun-260m2-rooftop-duplex-high-end-mountain-view-tohm-ID116649408.html,Unknown,Unknown,Unknown,230000.0,260.0,884.6,2026-08-15 06:17
Dubizzle,https://www.olx.com.lb/ad/ajaltoun-245m2-27m2-terrace-duplex-new-panoramic-view-to-ID116623338.html,Unknown,Unknown,Unknown,275000.0,245.0,1122.4,2026-08-15 06:17
Dubizzle,https://www.olx.com.lb/ad/ajaltoun-220m2-mountain-view-high-end-quiet-location-to-ID116050016.html,Unknown,Unknown,Unknown,137000.0,220.0,622.7,2026-08-15 06:17
Dubizzle,https://www.olx.com.lb/ad/ajaltoun-175m2-30m2-garden-prime-location-view-luxurious-ac-ID116005737.html,Unknown,Unknown,Unknown,170000.0,175.0,971.4,2026-08-15 06:17
Dubizzle,https://www.olx.com.lb/ad/ajaltoun-170m2-panoramic-view-high-end-calm-street-to-ID115936924.html,Unknown,Unknown,Unknown,165000.0,170.0,970.6,2026-08-15 06:17
Dubizzle,https://www.olx.com.lb/ad/ajaltoun-120m2-panoramic-view-new-modern-da-ID115902479.html,Unknown,Unknown,Unknown,125000.0,120.0,1041.7,2026-08-15 06:17
Dubizzle,https://www.olx.com.lb/ad/ballouneh-300m2-duplex-private-street-high-end-view-my-ID115837236.html,Unknown,Unknown,Unknown,280000.0,300.0,933.3,2026-08-15 06:17
Dubizzle,https://www.olx.com.lb/ad/ajaltoun-350m2-triplex-upgraded-panoramic-view-unique-my-ID115804545.html,Unknown,Unknown,Unknown,320000.0,350.0,914.3,2026-08-15 06:17
Dubizzle,https://www.olx.com.lb/ad/ajaltoun-400m2-100m2-terrace-super-unique-property-luxury-my-ID115668094.html,Unknown,Unknown,Unknown,350000.0,400.0,875.0,2026-08-15 06:17
Dubizzle,https://www.olx.com.lb/ad/ajaltoun-200m2-85m2-terrace-private-street-high-end-da-ID115662475.html,Unknown,Unknown,Unknown,200000.0,200.0,1000.0,2026-08-15 06:17
Dubizzle,https://www.olx.com.lb/ad/ajaltoun-700m2-500m2-garden-terrace-villa-ultra-prime-location-ID115503702.html,Unknown,Unknown,Unknown,850000.0,700.0,1214.3,2026-08-15 06:17
Dubizzle,https://www.olx.com.lb/ad/ajaltoun-225m2-160m2-garden-luxurious-catch-new-view-ID112267619.html,Unknown,Unknown,Unknown,329000.0,225.0,1462.2,2026-08-15 06:17
Dubizzle,https://www.olx.com.lb/ad/%D8%B1%D8%A7%D8%B3-%D8%A7%D9%84%D9%86%D8%A8%D8%B9-%D9%85%D9%81%D8%B1%D9%88%D8%B4-146%D9%85-240%D8%A3%D9%84%D9%81-ras-el-nabaa-furnished-146-sqm-240k-ID117018061.html,Ras Al Nabaa,Beirut,Mazraa,240000.0,146.0,1643.8,2026-08-15 06:17
Dubizzle,https://www.olx.com.lb/ad/%D8%A3%D8%B4%D8%B1%D9%81%D9%8A%D8%A9-%D8%A8%D9%8A%D8%B9-%D8%B4%D8%A7%D8%B1%D8%B9-%D8%B4%D8%A7%D8%B1%D9%84-%D9%85%D8%A7%D9%84%D9%83-%D9%A2%D9%A0%D9%A0%D9%85-%D9%A6%D9%A0%D9%A0-%D8%A3%D9%84%D9%81-%D9%A7%D9%A1%D9%A1%D9%A5%D9%A9%D9%A9%D9%A1%D9%A5-ID117016424.html,Beirut,Unknown,Unknown,600000.0,185.0,3243.2,2026-08-15 06:17
Dubizzle,https://www.olx.com.lb/ad/%D8%B4%D9%82%D8%A9-%D9%84%D9%82%D8%B7%D8%A9-%D8%A8%D9%8A%D8%B9-%D8%A7%D9%84%D8%B1%D8%A8%D9%88%D8%A9-%D9%82%D8%B1%D8%A8-%D9%85%D8%B3%D8%AA%D8%B4%D9%81%D9%89-%D8%B3%D8%B1%D8%AD%D8%A7%D9%84-%D9%A5%D9%A5%D9%A0-%D8%A3%D9%84%D9%81-71159915-ID117013118.html,Rabweh,El Meten,El Meten,550000.0,250.0,2200.0,2026-08-15 06:17
Dubizzle,https://www.olx.com.lb/ad/apartment-for-sale-in-jdaide-%D8%B4%D9%82%D9%82-%D9%82%D9%8A%D8%AF-%D8%A7%D9%84%D8%A5%D9%86%D8%B4%D8%A7%D8%A1-%D8%AA%D9%82%D8%B3%D9%8A%D8%B7-%D9%81%D9%8A-%D8%A7%D9%84%D8%AC%D8%AF%D9%8A%D8%AF%D8%A9-ID116894864.html,Jdaide,El Meten,El Meten,200000.0,121.0,1652.9,2026-08-15 06:17
Dubizzle,https://www.olx.com.lb/ad/apartment-for-sale-in-yarzeh-terrace-ID116773699.html,Yarzeh,Baabda,Baabda,950000.0,280.0,3392.9,2026-08-15 06:17
Dubizzle,https://www.olx.com.lb/ad/duplex-for-sale-in-baabda-450-sqm-withterrace-pool-ID116729951.html,Other in Baabda,Baabda,Baabda,1665000.0,450.0,3700.0,2026-08-15 06:17
Dubizzle,https://www.olx.com.lb/ad/rwk316en-apartment-for-sale-in-sarba-ID117028636.html,Unknown,Unknown,Unknown,130000.0,150.0,866.7,2026-08-15 06:17
Dubizzle,https://www.olx.com.lb/ad/for-sale-in-jnah-330-sqm-4-bedrooms-highly-decorated-brand-new-ID116895413.html,Jnah,Beirut,Saifeh,1300000.0,330.0,3939.4,2026-08-15 06:17
Dubizzle,https://www.olx.com.lb/ad/rwk621ca-apartment-for-sale-in-sahel-alma-%D8%B4%D9%82%D8%A9-%D9%84%D9%84%D8%A8%D9%8A%D8%B9-%D9%81%D9%8A-%D8%B3%D8%A7%D8%AD%D9%84-%D8%B9%D9%84%D9%85%D8%A7-ID116457680.html,Unknown,Unknown,Unknown,260000.0,210.0,1238.1,2026-08-15 06:17
Dubizzle,https://www.olx.com.lb/ad/ramlet-el-bayda-for-sale-brand-new-440-sqm-4-master-bedrooms-ID116956966.html,Ramlet el Bayda,Beirut,Moussaytbeh,1800000.0,440.0,4090.9,2026-08-15 06:17
Dubizzle,https://www.olx.com.lb/ad/apartment-for-sale-in-adma-cpkmt122-ID116893724.html,Unknown,Unknown,Unknown,360000.0,218.0,1651.4,2026-08-15 06:17
Dubizzle,https://www.olx.com.lb/ad/2-bedroom-apartment-for-sale-in-larnaca-cyprus-prime-location-ID116952351.html,International,Unknown,Unknown,165000.0,83.0,1988.0,2026-08-15 06:17
Dubizzle,https://www.olx.com.lb/ad/villa-for-sale-in-safra-minutes-from-jbeil-%D9%81%D9%8A%D9%84%D8%A7-%D9%84%D9%84%D8%A8%D9%8A%D8%B9-pls-26534-i2-ID117016633.html,Unknown,Unknown,Unknown,315000.0,163.0,1932.5,2026-08-15 06:17
Dubizzle,https://www.olx.com.lb/ad/242-sqm-apartment-in-jouret-el-balout-partial-view-terrace-garden-ID117018678.html,Jouret Al Ballout,El Meten,El Meten,240000.0,242.0,991.7,2026-08-15 06:17
Dubizzle,https://www.olx.com.lb/ad/prime-location-%7C-200-sqm-fully-furnished-%7C-apartment-in-daher-el-sawan-ID116914565.html,Dahr El Sawan,El Meten,El Meten,260000.0,200.0,1300.0,2026-08-15 06:17
Dubizzle,https://www.olx.com.lb/ad/3-bedroom-apartmentterracesea-view-4sale-in-kfar-aabida-%D9%83%D9%81%D8%B1-%D8%B9%D8%A8%D9%8A%D8%AF%D8%A9-ID116748995.html,Kfar Abida,El Batroun,El Batroun,264000.0,158.0,1670.9,2026-08-15 06:17
Dubizzle,https://www.olx.com.lb/ad/ballouneh-380m2-duplex-117m2-terrace-new-high-end-prime-view-ID110164685.html,Unknown,Unknown,Unknown,660000.0,380.0,1736.8,2026-08-15 06:17
Dubizzle,https://www.olx.com.lb/ad/bchamoun-al-madaress-area-el-rihab-building-floor-2-ID116619223.html,Bchamoun,Aley,Aley,138000.0,145.0,951.7,2026-08-15 06:17
Dubizzle,https://www.olx.com.lb/ad/apartment-for-sale-in-hamra-%D8%B4%D9%82%D8%A9-%D9%84%D9%84%D8%A8%D9%8A%D8%B9-%D9%81%D9%8A-%D8%A7%D9%84%D8%AD%D9%85%D8%B1%D8%A7-cpbmkh42-ID116939481.html,Hamra,Beirut,Ras Beyrouth,415000.0,200.0,2075.0,2026-08-15 06:17
Dubizzle,https://www.olx.com.lb/ad/villa-for-sale-in-faqra-yards-%D9%81%D9%8A%D9%84%D8%A7-%D9%84%D9%84%D8%A8%D9%8A%D8%B9-%D9%81%D9%8A-%D9%81%D9%82%D8%B1%D8%A7-%D9%8A%D8%A7%D8%B1%D8%AF%D8%B3-ID116860831.html,Unknown,Unknown,Unknown,1200000.0,400.0,3000.0,2026-08-15 06:17
Dubizzle,https://www.olx.com.lb/ad/130-sqm-apartment-with-private-garden-terrace-in-daychounieh-ID117022887.html,Daychounieh,El Meten,El Meten,180000.0,130.0,1384.6,2026-08-15 06:17
Dubizzle,https://www.olx.com.lb/ad/rwk527ca-apartment-for-sale-in-harissa-in-a-prime-location-with-terr-ID116767341.html,Unknown,Unknown,Unknown,425000.0,240.0,1770.8,2026-08-15 06:17
Dubizzle,https://www.olx.com.lb/ad/rwk467ca-fully-decorated-apartment-for-sale-in-sahel-alma-ID116459125.html,Unknown,Unknown,Unknown,360000.0,220.0,1636.4,2026-08-15 06:17
Dubizzle,https://www.olx.com.lb/ad/rwk231ca-brand-new-apartment-for-sale-in-sahel-alma-ID115760610.html,Unknown,Unknown,Unknown,290000.0,180.0,1611.1,2026-08-15 06:17
Dubizzle,https://www.olx.com.lb/ad/rwk131ca-traditional-villa-for-sale-in-ghbeleh-ID115398145.html,Unknown,Unknown,Unknown,550000.0,370.0,1486.5,2026-08-15 06:17
Dubizzle,https://www.olx.com.lb/ad/dy2446-installment-plan-in-rabweh-new-duplex-for-sale-ID116347625.html,Rabweh,El Meten,El Meten,255000.0,170.0,1500.0,2026-08-15 06:17
Dubizzle,https://www.olx.com.lb/ad/apartments-for-sale-achrafiye-prime-location-under-construction-ID116671819.html,Beirut,Unknown,Unknown,245000.0,70.0,3500.0,2026-08-15 06:17
Dubizzle,https://www.olx.com.lb/ad/project-mini-villas-for-sale-with-payment-facilities-ID116230629.html,Other in Batroun,El Batroun,El Batroun,220000.0,260.0,846.2,2026-08-15 06:17
Dubizzle,https://www.olx.com.lb/ad/duplex-with-terrace-for-sale-in-mansourieh-%D8%AF%D9%88%D8%A8%D9%84%D9%83%D8%B3-%D9%84%D9%84%D8%A8%D9%8A%D8%B9-ph-ID116797608.html,Mansourieh,El Meten,El Meten,215000.0,220.0,977.3,2026-08-15 06:17
Dubizzle,https://www.olx.com.lb/ad/apartment-for-sale-ID116963925.html,Haoush el Oumara,Zahle,Zahle,160000.0,190.0,842.1,2026-08-15 06:17
Dubizzle,https://www.olx.com.lb/ad/apartment-for-sale-in-mansourieh-%D8%B4%D9%82%D8%A9-%D9%84%D9%84%D8%A8%D9%8A%D8%B9-ph-ID116893810.html,Mansourieh,El Meten,El Meten,99999.0,110.0,909.1,2026-08-15 06:17
Dubizzle,https://www.olx.com.lb/ad/apartment-with-terrace-for-sale-in-mansourieh-%D8%B4%D9%82%D8%A9-%D9%84%D9%84%D8%A8%D9%8A%D8%B9-ph-ID116853843.html,Mansourieh,El Meten,El Meten,254999.0,175.0,1457.1,2026-08-15 06:17
Dubizzle,https://www.olx.com.lb/ad/duplex-with-terrace-for-sale-in-mansourieh-%D8%AF%D9%88%D8%A8%D9%84%D9%83%D8%B3-%D9%84%D9%84%D8%A8%D9%8A%D8%B9-ph-ID116853808.html,Mansourieh,El Meten,El Meten,274999.0,247.0,1113.4,2026-08-15 06:17
Dubizzle,https://www.olx.com.lb/ad/apartment-for-sale-in-mansourieh-%D8%B4%D9%82%D8%A9-%D9%84%D9%84%D8%A8%D9%8A%D8%B9-ph-ID116424380.html,Mansourieh,El Meten,El Meten,205000.0,200.0,1025.0,2026-08-15 06:17
Dubizzle,https://www.olx.com.lb/ad/prime-main-road-location-ID117025628.html,Ramlet el Bayda,Beirut,Moussaytbeh,600000.0,235.0,2553.2,2026-08-15 06:17
Dubizzle,https://www.olx.com.lb/ad/apartment-for-sale-in-bouchrieh-%D8%B4%D9%82%D8%A9-%D9%84%D9%84%D8%A8%D9%8A%D8%B9-%D9%81%D9%8A-%D8%A7%D9%84%D8%A8%D9%88%D8%B4%D8%B1%D9%8A%D8%A9-ID116978972.html,Sad El Baouchriyeh,El Meten,El Meten,145000.0,140.0,1035.7,2026-08-15 06:17
Dubizzle,https://www.olx.com.lb/ad/apartment-for-sale-in-hamra-beirut-ID116876700.html,Apartment for Sale in Hamra,Beirut,Ras Beyrouth,450000.0,200.0,2250.0,2026-08-15 06:17
Dubizzle,https://www.olx.com.lb/ad/apartment-with-terrace-for-sale-in-mansourieh-%D8%B4%D9%82%D8%A9-%D9%84%D9%84%D8%A8%D9%8A%D8%B9-ph-ID116852514.html,Mansourieh,El Meten,El Meten,234999.0,170.0,1382.3,2026-08-15 06:17
Dubizzle,https://www.olx.com.lb/ad/apartment-with-terrace-for-sale-in-mansourieh-%D8%B4%D9%82%D8%A9-%D9%84%D9%84%D8%A8%D9%8A%D8%B9-ph-ID116851651.html,Mansourieh,El Meten,El Meten,279999.0,100.0,2800.0,2026-08-15 06:17
Dubizzle,https://www.olx.com.lb/ad/luxury-apartment-for-sale-in-msaytbeh-beirut-ID116840017.html,Luxury Apartment for Sale in Msaytbeh,Beirut,Moussaytbeh,390000.0,160.0,2437.5,2026-08-15 06:17
Dubizzle,https://www.olx.com.lb/ad/apartment-for-sale-in-mansourieh-%D8%B4%D9%82%D8%A9-%D9%84%D9%84%D8%A8%D9%8A%D8%B9-ph-ID116470380.html,Mansourieh,El Meten,El Meten,264999.0,160.0,1656.2,2026-08-15 06:17
Dubizzle,https://www.olx.com.lb/ad/apartment-for-sale-in-mansourieh-%D8%B4%D9%82%D8%A9-%D9%84%D9%84%D8%A8%D9%8A%D8%B9-ph-ID116469020.html,Mansourieh,El Meten,El Meten,249999.0,150.0,1666.7,2026-08-15 06:17
Dubizzle,https://www.olx.com.lb/ad/duplex-for-sale-in-mansourieh-%D8%B4%D9%82%D8%A9-%D9%84%D9%84%D8%A8%D9%8A%D8%B9-ph-ID116387139.html,Mansourieh,El Meten,El Meten,225000.0,200.0,1125.0,2026-08-15 06:17
Dubizzle,https://www.olx.com.lb/ad/duplex-for-sale-in-mansourieh-%D8%B4%D9%82%D8%A9-%D9%84%D9%84%D8%A8%D9%8A%D8%B9-ph-ID116303083.html,Mansourieh,El Meten,El Meten,334999.0,255.0,1313.7,2026-08-15 06:17
Dubizzle,https://www.olx.com.lb/ad/duplex-for-sale-in-monteverde-%D8%B4%D9%82%D8%A9-%D9%84%D9%84%D8%A8%D9%8A%D8%B9-ph-ID116146935.html,Monteverde,El Meten,El Meten,749999.0,320.0,2343.7,2026-08-15 06:17
Dubizzle,https://www.olx.com.lb/ad/apartment-with-terrace-for-sale-in-mansourieh-%D8%B4%D9%82%D8%A9-%D9%84%D9%84%D8%A8%D9%8A%D8%B9-ph-ID116934317.html,Mansourieh,El Meten,El Meten,339999.0,160.0,2125.0,2026-08-15 06:17
Dubizzle,https://www.olx.com.lb/ad/apartment-with-terrace-for-sale-in-monteverde-%D8%B4%D9%82%D8%A9-%D9%84%D9%84%D8%A8%D9%8A%D8%B9-ph-ID116782152.html,Monteverde,El Meten,El Meten,699999.0,250.0,2800.0,2026-08-15 06:17
Dubizzle,https://www.olx.com.lb/ad/150-sqm-three-bedroom-apartment-in-antelias-mezher-terrace-ID117015719.html,Antelias,El Meten,El Meten,150000.0,150.0,1000.0,2026-08-15 06:17
Dubizzle,https://www.olx.com.lb/ad/apartment-for-sale-in-bkeneya-%D8%B4%D9%82%D8%A9-%D9%84%D9%84%D8%A8%D9%8A%D8%B9-%D9%81%D9%8A-%D8%A8%D9%82%D9%86%D8%A7%D9%8A%D8%A7-ID116961516.html,Bqennaya,El Meten,El Meten,135000.0,165.0,818.2,2026-08-15 06:17
Dubizzle,https://www.olx.com.lb/ad/apartment-for-sale-in-zandouka-%D8%B4%D9%82%D8%A9-%D9%84%D9%84%D8%A8%D9%8A%D8%B9-%D9%81%D9%8A-%D8%B2%D9%86%D8%AF%D9%88%D9%82%D8%A9-ID116904143.html,Zandouka,El Meten,El Meten,140000.0,150.0,933.3,2026-08-15 06:17
Dubizzle,https://www.olx.com.lb/ad/apartment-for-sale-in-zandouka-%D8%B4%D9%82%D8%A9-%D9%84%D9%84%D8%A8%D9%8A%D8%B9-%D9%81%D9%8A-%D8%B2%D9%86%D8%AF%D9%88%D9%82%D8%A9-ID116869881.html,Zandouka,El Meten,El Meten,123000.0,120.0,1025.0,2026-08-15 06:17
Dubizzle,https://www.olx.com.lb/ad/145-sqm-brand-new-high-end-apartment-in-antelias-with-sea-view-ID116839539.html,Antelias,El Meten,El Meten,315000.0,145.0,2172.4,2026-08-15 06:17
Dubizzle,https://www.olx.com.lb/ad/140-sqm-3-bed-apartment-in-mazraat-yachouh-70-sqm-terrace-ID116839418.html,Mazraat Yachouh,El Meten,El Meten,170000.0,140.0,1214.3,2026-08-15 06:17
Dubizzle,https://www.olx.com.lb/ad/new-apartment-in-zakrit-metn-with-terrace-ID116757224.html,New Apartment in Zakrit,El Meten,El Meten,140000.0,115.0,1217.4,2026-08-15 06:17
Dubizzle,https://www.olx.com.lb/ad/170-sqm-decorated-apartment-in-antelias-metn-with-mountain-view-ID116650251.html,SQM Decorated Apartment in Antelias,El Meten,El Meten,260000.0,170.0,1529.4,2026-08-15 06:17
Dubizzle,https://www.olx.com.lb/ad/best-of-the-best-2-apartments-in-one-deal-%D8%B4%D9%82%D8%AA%D9%8A%D9%86-%D8%A8%D8%B3%D9%86%D8%AF-%D9%88%D8%A7%D8%AD%D8%AF-%D8%A7%D9%84%D9%85%D9%86%D8%B5%D9%88%D8%B1%D9%8A%D8%A9-ID117024811.html,Mansourieh,El Meten,El Meten,145000.0,100.0,1450.0,2026-08-15 06:17
Dubizzle,https://www.olx.com.lb/ad/apartment-for-sale-in-hazmieh-cpmk180-ID116761732.html,Hazmieh,Baabda,Baabda,500000.0,230.0,2173.9,2026-08-15 06:17
Dubizzle,https://www.olx.com.lb/ad/apartment-for-sale-in-jiyyeh-az-%D8%B4%D9%82%D8%A9-%D9%84%D9%84%D8%A8%D9%8A%D8%B9-%D9%81%D9%8A-%D8%AC%D9%8A%D8%A9-ID117022722.html,Jiyyeh,Chouf,Chouf,100000.0,138.0,724.6,2026-08-15 06:17
Dubizzle,https://www.olx.com.lb/ad/poolgymviewgarden-modern-flat-4-sale-yarze-yarzeh-%D9%84%D9%84%D8%A8%D9%8A%D8%B9-%D9%81%D9%8A-%D8%A7%D9%84%D9%8A%D8%B1%D8%B2%D8%A9-ID116605712.html,Yarzeh,Baabda,Baabda,750000.0,285.0,2631.6,2026-08-15 06:17
Dubizzle,https://www.olx.com.lb/ad/apartment-for-sale-in-jal-el-dib-cpfy298-%D8%B4%D9%82%D8%A9-%D9%84%D9%84%D8%A8%D9%8A%D8%B9-%D9%81%D9%8A-%D8%AC%D9%84-%D8%A7%D9%84%D8%AF%D9%8A%D8%A8-ID116959770.html,Jal El Dib,El Meten,El Meten,550000.0,240.0,2291.7,2026-08-15 06:17
Dubizzle,https://www.olx.com.lb/ad/fanar-prime-residence-%D8%A5%D9%82%D8%A7%D9%85%D8%A9-%D9%85%D9%85%D9%8A%D8%B2%D8%A9-%D9%81%D9%8A-%D9%85%D9%88%D9%82%D8%B9-%D8%B1%D8%A6%D9%8A%D8%B3%D9%8A-%D9%81%D9%8A-%D8%A7%D9%84%D9%81%D9%86%D8%A7%D8%B1-ID117021991.html,Fanar,El Meten,El Meten,195000.0,160.0,1218.8,2026-08-15 06:17
Dubizzle,https://www.olx.com.lb/ad/apartment-for-sale-in-the-heart-of-baouchrieh-ID116990740.html,Baouchriye,El Meten,El Meten,114000.0,120.0,950.0,2026-08-15 06:17
Dubizzle,https://www.olx.com.lb/ad/luxury-furnished-apartment-for-sale-monteverde-prime-location-ID117025001.html,Monteverde,El Meten,El Meten,750000.0,200.0,3750.0,2026-08-15 06:17
Dubizzle,https://www.olx.com.lb/ad/super-deluxe-for-sale-in-sin-el-phil-ID117008674.html,Sin El Fil,El Meten,El Meten,398000.0,180.0,2211.1,2026-08-15 06:17
Dubizzle,https://www.olx.com.lb/ad/apartments-for-sale-in-hazmiyeh-mar-takla-%D8%B4%D9%82%D9%82-%D9%84%D9%84%D8%A8%D9%8A%D8%B9-%D9%81%D9%8A-%D8%AD%D8%A7%D8%B2%D9%85%D9%8A%D9%87-%D8%A8%D8%B9%D8%A8%D8%AF%D8%A7-ID116869482.html,Hazmieh,Baabda,Baabda,412000.0,250.0,1648.0,2026-08-15 06:17
Dubizzle,https://www.olx.com.lb/ad/apartment-for-sale-in-jouret-el-ballout-%D8%B4%D9%82%D8%A9-%D9%84%D9%84%D8%A8%D9%8A%D8%B9-%D9%81%D9%8A-%D8%AC%D9%88%D8%B1%D8%A9-%D8%A7%D9%84%D8%A8%D9%84%D9%88%D8%B7-ID116629191.html,Jouret Al Ballout,El Meten,El Meten,240000.0,170.0,1411.8,2026-08-15 06:17
Dubizzle,https://www.olx.com.lb/ad/160-sqm-apartment-in-dbayeh-metn-with-a-breathtaking-sea-view-ID116620432.html,SQM Apartment in Dbayeh,El Meten,El Meten,165000.0,160.0,1031.2,2026-08-15 06:17
Dubizzle,https://www.olx.com.lb/ad/135-sqm-new-apartment-in-mazraat-yachouh-metn-with-sea-view-ID116400885.html,SQM New Apartment in Mazraat Yachouh,El Meten,El Meten,160000.0,135.0,1185.2,2026-08-15 06:17
Dubizzle,https://www.olx.com.lb/ad/prime-location-apartment-in-dbayeh-metn-with-garden-ID116391234.html,Dbayeh,El Meten,El Meten,135000.0,115.0,1173.9,2026-08-15 06:17
Dubizzle,https://www.olx.com.lb/ad/135-sqm-apartment-in-antelias-metn-with-breathtaking-view-ID116333021.html,SQM Apartment in Antelias,El Meten,El Meten,119000.0,117.0,1017.1,2026-08-15 06:17
Dubizzle,https://www.olx.com.lb/ad/apartment-for-sale-with-payment-facilities-%D8%B4%D9%82%D8%A9-%D9%84%D9%84%D8%A8%D9%8A%D8%B9-%D9%81%D9%8A-%D8%A8%D8%A7%D9%84%D8%AA%D9%82%D8%B3%D9%8A%D8%B7-ID116100232.html,Zandouka,El Meten,El Meten,105000.0,120.0,875.0,2026-08-15 06:17
Dubizzle,https://www.olx.com.lb/ad/175-sqm-new-apartment-in-mazraat-yachouh-metn-ID115891919.html,SQM New Apartment in Mazraat Yachouh,El Meten,El Meten,255000.0,175.0,1457.1,2026-08-15 06:17
Dubizzle,https://www.olx.com.lb/ad/140-sqm-prime-location-apartment-in-naccache-with-terrace-garden-ID116382174.html,Naccache,El Meten,El Meten,240000.0,140.0,1714.3,2026-08-15 06:17
Dubizzle,https://www.olx.com.lb/ad/furnished-apartment-for-sale-monot-ID117028584.html,Abed El Wahab,Beirut,Achrafieh,1100000.0,330.0,3333.3,2026-08-15 06:17
Dubizzle,https://www.olx.com.lb/ad/bouar-brand-new-230m2-duplex-w-terrace-5-balconies-sea-view-ID116787483.html,Unknown,Unknown,Unknown,179900.0,230.0,782.2,2026-08-15 06:17
Dubizzle,https://www.olx.com.lb/ad/halat-529m2-3-bedrooms-apartment-terrace-4-balconies-catch-ID116284134.html,Halat,Jbeil,Jbeil,104900.0,170.0,617.1,2026-08-15 06:17
Dubizzle,https://www.olx.com.lb/ad/apartment-for-sale-beit-mery-terrace-%D8%B4%D9%82%D8%A9-%D9%84%D9%84%D8%A8%D9%8A%D8%B9-%D8%A8%D9%8A%D8%AA-%D9%85%D8%B1%D9%8A-ID116975805.html,Beit Mery,El Meten,El Meten,280000.0,210.0,1333.3,2026-08-15 06:17
Dubizzle,https://www.olx.com.lb/ad/villa-for-sale-kfour-hot-deal-%D9%81%D9%8A%D9%84%D8%A7-%D9%84%D9%84%D8%A8%D9%8A%D8%B9-%D8%A7%D9%84%D9%83%D9%81%D9%88%D8%B1-ID116779174.html,Unknown,Unknown,Unknown,1550000.0,800.0,1937.5,2026-08-15 06:17
Dubizzle,https://www.olx.com.lb/ad/real-estate-in-the-mountain-ID117023951.html,Charoun,Aley,Aley,350000.0,300.0,1166.7,2026-08-15 06:17
Dubizzle,https://www.olx.com.lb/ad/apartment-for-sale-monteverde-terrace-garden-%D8%B4%D8%AB%D8%A9-%D9%84%D9%84%D8%A8%D9%8A%D8%B9-%D8%A7%D9%84%D9%85%D9%86%D8%AA%D9%81%D8%B1%D8%AF%D9%8A-ID117007258.html,Monteverde,El Meten,El Meten,650000.0,250.0,2600.0,2026-08-15 06:17
Dubizzle,https://www.olx.com.lb/ad/apartment-for-sale-in-achrafieh-ID116922962.html,Beirut,Unknown,Unknown,260000.0,137.0,1897.8,2026-08-15 06:17
Dubizzle,https://www.olx.com.lb/ad/gmb501em-apartment-for-sale-in-hboub-%D8%B4%D9%82%D8%A9-%D9%84%D9%84%D8%A8%D9%8A%D8%B9-%D9%81%D9%8A-%D8%AD%D8%A8%D9%88%D8%A8-ID117015097.html,Hboub,Jbeil,Jbeil,135000.0,130.0,1038.5,2026-08-15 06:17
Dubizzle,https://www.olx.com.lb/ad/best-priced-chalet-in-tilal-al-assal-faqra-ID116987445.html,Unknown,Unknown,Unknown,130000.0,70.0,1857.1,2026-08-15 06:17
Dubizzle,https://www.olx.com.lb/ad/dy3637-mar-chaaya-new-apartment-with-terrace-for-sale-ID116964684.html,Mar Chaaya,El Meten,El Meten,450000.0,223.0,2017.9,2026-08-15 06:17
Dubizzle,https://www.olx.com.lb/ad/dy3636-mar-chaaya-new-spacious-penthouse-for-sale-ID116964278.html,Mar Chaaya,El Meten,El Meten,600000.0,370.0,1621.6,2026-08-15 06:17
Dubizzle,https://www.olx.com.lb/ad/spacious-apartment-for-sale-in-mar-elias%2C-beirut-%2F-%D9%85%D8%A7%D8%B1-%D8%A7%D9%84%D9%8A%D8%A7%D8%B3%D8%8C-%D8%A8%D9%8A%D8%B1%D9%88%D8%AA-ID116909096.html,Spacious apartment for sale in Mar elias,Beirut,Moussaytbeh,395000.0,200.0,1975.0,2026-08-15 06:17
Dubizzle,https://www.olx.com.lb/ad/225-sqm-apartment-in-zalka-metn-with-a-breathtaking-sea-and-city-view-ID116848347.html,SQM Apartment in Zalka,El Meten,El Meten,275000.0,225.0,1222.2,2026-08-15 06:17
Dubizzle,https://www.olx.com.lb/ad/220-sqm-brand-new-apartment-in-qornet-chehwan-metn-with-sea-view-ID116172814.html,SQM Brand New Apartment in Qornet Chehwan,El Meten,El Meten,370000.0,220.0,1681.8,2026-08-15 06:17
Dubizzle,https://www.olx.com.lb/ad/%D8%B4%D9%82%D8%A9-%D9%85%D9%85%D9%8A%D8%B2%D8%A9-%D8%AC%D8%AF%D8%A7-%D9%84%D9%84%D8%A8%D9%8A%D8%B9-%D9%81%D9%8A-%D8%A8%D9%8A%D8%B1%D9%88%D8%AA-%D9%81%D8%B1%D8%AF%D8%A7%D9%86-%D8%B7%D9%84%D8%B9%D8%A9-%D8%B3%D9%8A%D8%A7%D8%B1-%D8%A7%D9%84%D8%AF%D8%B1%D9%83-ID117028545.html,Verdun,Beirut,Moussaytbeh,380000.0,150.0,2533.3,2026-08-15 06:17
Dubizzle,https://www.olx.com.lb/ad/luxury-apartment-for-sale-in-zarif-beirut-ID117015047.html,Al Zarif,Beirut,Moussaytbeh,280000.0,150.0,1866.7,2026-08-15 06:17
Dubizzle,https://www.olx.com.lb/ad/hot-deal-in-mhmd-al-hout-ras-al-nabaa-beirut-for-sale-%D8%B1%D8%A7%D8%B3-%D8%A7%D9%84%D9%86%D8%A8%D8%B9-ID117011593.html,Ras Al Nabaa,Beirut,Mazraa,399000.0,165.0,2418.2,2026-08-15 06:17
Dubizzle,https://www.olx.com.lb/ad/private-entrance-apartment-for-sale-in-burj-abi-haidar-beirut-ID116872972.html,Apartment for Sale in Burj Abi Haidar,Beirut,Beirut-Other,220000.0,110.0,2000.0,2026-08-15 06:17
Dubizzle,https://www.olx.com.lb/ad/prime-location-brand-new-apartment-in-dekwaneh-metn-ID117015095.html,Location Brand New Apartment in Dekwaneh,El Meten,El Meten,170000.0,100.0,1700.0,2026-08-15 06:17
Dubizzle,https://www.olx.com.lb/ad/prime-location-apartment-in-dik-el-mehdi-with-sea-view-ID117001065.html,Dik El Mehdi,El Meten,El Meten,227000.0,151.0,1503.3,2026-08-15 06:17
Dubizzle,https://www.olx.com.lb/ad/440-sqm-villa-in-beit-chabeb-metn-with-a-breathtaking-mountain-view-ID115324169.html,SQM Villa in Beit Chabeb,El Meten,El Meten,550000.0,440.0,1250.0,2026-08-15 06:17
Dubizzle,https://www.olx.com.lb/ad/apartment-for-sale-in-ballouneh%D8%B4%D9%82%D8%A9-%D9%84%D9%84%D8%A8%D9%8A%D8%B9-%D9%81%D9%8A-%D8%A8%D9%84%D9%88%D9%86%D8%A9-ID117020502.html,Unknown,Unknown,Unknown,120000.0,90.0,1333.3,2026-08-15 06:17
Dubizzle,https://www.olx.com.lb/ad/luxury-apartment-for-sale-mar-elias-beirut-%D9%85%D8%A7%D8%B1-%D8%A5%D9%84%D9%8A%D8%A7%D8%B3-%D8%A8%D9%8A%D8%B1%D9%88%D8%AA-ID117016919.html,Luxury Apartment For Sale Mar Elias,Beirut,Moussaytbeh,380000.0,220.0,1727.3,2026-08-15 06:17
Dubizzle,https://www.olx.com.lb/ad/apartment-for-sale-in-ballouneh-%D8%B4%D9%82%D8%A9-%D9%84%D9%84%D8%A8%D9%8A%D8%B9-%D9%81%D9%8A-%D8%A8%D9%84%D9%88%D9%86%D8%A9-cpkgk03-ID116958271.html,Unknown,Unknown,Unknown,335000.0,335.0,1000.0,2026-08-15 06:17
Dubizzle,https://www.olx.com.lb/ad/apartment-for-sale-in-hadath-gv-%D8%B4%D9%82%D8%A9-%D9%84%D9%84%D8%A8%D9%8A%D8%B9-%D9%81%D9%8A-%D8%AD%D8%AF%D8%AB-ID117012324.html,Hadath,Baabda,Baabda,197000.0,160.0,1231.2,2026-08-15 06:17
Dubizzle,https://www.olx.com.lb/ad/exclusive-modern-apartment-for-sale-in-rabweh-220-m%C2%B2-200-m%C2%B2-terrac-ID117004308.html,Rabweh,El Meten,El Meten,485000.0,286.0,1695.8,2026-08-15 06:17
Dubizzle,https://www.olx.com.lb/ad/a-170-m2-apartment-for-sale-in-dawhet-el-hoss-ID116991752.html,Dawhet el Hoss,Aley,Aley,175000.0,170.0,1029.4,2026-08-15 06:17
Dubizzle,https://www.olx.com.lb/ad/apartment-for-sale-in-bsalim-metn-%D8%B4%D9%82%D8%A9-%D9%84%D9%84%D8%A8%D9%8A%D8%B9-%D8%A8%D8%B5%D8%A7%D9%84%D9%8A%D9%85-%D8%A7%D9%84%D9%85%D8%AA%D9%86-ID116606227.html,Bsalim,El Meten,El Meten,450000.0,260.0,1730.8,2026-08-15 06:17
Dubizzle,https://www.olx.com.lb/ad/apartment-with-terrace-for-sale-in-baabdat-%D8%B4%D9%82%D8%A9-%D9%84%D9%84%D8%A8%D9%8A%D8%B9-ss-ID117006839.html,Baabdat,El Meten,El Meten,449999.0,200.0,2250.0,2026-08-15 06:17
Dubizzle,https://www.olx.com.lb/ad/160m-3bedroom-parking-jdaide-se3a-area-metn-ID116989824.html,Jdaide,El Meten,El Meten,160000.0,160.0,1000.0,2026-08-15 06:17
Dubizzle,https://www.olx.com.lb/ad/apartment-for-sale-in-betchay-cpdd51-ID116774589.html,Betchay,Baabda,Baabda,326000.0,168.0,1940.5,2026-08-15 06:17
Dubizzle,https://www.olx.com.lb/ad/apartment-for-sale-in-jdeideh-%D8%B4%D9%82%D8%A9-%D9%84%D9%84%D8%A8%D9%8A%D8%B9-%D9%81%D9%8A-%D8%A7%D9%84%D8%AC%D8%AF%D9%8A%D8%AF%D8%A9-ID116996312.html,Jdaide,El Meten,El Meten,135000.0,115.0,1173.9,2026-08-15 06:17
Dubizzle,https://www.olx.com.lb/ad/apartment-in-a-calm-private-compound-mezher-bsalim-refca125-ID116870380.html,Bsalim,El Meten,El Meten,180000.0,175.0,1028.6,2026-08-15 06:17
Dubizzle,https://www.olx.com.lb/ad/dy3728-halat-new-apartment-for-sale-ID117015027.html,Halat,Jbeil,Jbeil,153000.0,170.0,900.0,2026-08-15 06:17
Dubizzle,https://www.olx.com.lb/ad/dy3724-jbeil-apartment-for-sale-ID117014366.html,Jbeil Town,Jbeil,Jbeil,140000.0,150.0,933.3,2026-08-15 06:17
Dubizzle,https://www.olx.com.lb/ad/dy3695-kfarehbab-hot-deal-apartment-with-terrace-garden-ID116992742.html,Unknown,Unknown,Unknown,320000.0,303.0,1056.1,2026-08-15 06:17
Dubizzle,https://www.olx.com.lb/ad/dy3643-kfarehbab-new-apartment-for-sale-ID116968681.html,Unknown,Unknown,Unknown,380000.0,223.0,1704.0,2026-08-15 06:17
Dubizzle,https://www.olx.com.lb/ad/apartment-for-sale-in-mtayleb-with-pool-%D8%B4%D9%82%D8%A9-%D9%84%D9%84%D8%A8%D9%8A%D8%B9-%D9%81%D9%8A-%D8%A7%D9%84%D9%85%D8%B7%D9%8A%D9%84%D8%A8-cpcf154-ID116163094.html,Mtayleb,El Meten,El Meten,950000.0,700.0,1357.1,2026-08-15 06:17
Dubizzle,https://www.olx.com.lb/ad/rare-catch-125sqm-apartment-in-mar-chaaya-for-sale-ID117006946.html,Mar Chaaya,El Meten,El Meten,180000.0,125.0,1440.0,2026-08-15 06:17
Dubizzle,https://www.olx.com.lb/ad/terrace-apartment-for-sale-in-the-most-sought-after-in-mar-chaaya-ID116970425.html,Mar Chaaya,El Meten,El Meten,430000.0,220.0,1954.5,2026-08-15 06:17
Dubizzle,https://www.olx.com.lb/ad/apartment-with-unobstructed-panoramic-view-in-cornet-chahwan-ref-ca142-ID116935742.html,Cornet Chahwan,El Meten,El Meten,400000.0,220.0,1818.2,2026-08-15 06:17
Dubizzle,https://www.olx.com.lb/ad/apartment-in-mar-chaaya-for-sale-3-bedrooms-esken-accepted-ID117027140.html,Mar Chaaya,El Meten,El Meten,225000.0,140.0,1607.1,2026-08-15 06:17
Dubizzle,https://www.olx.com.lb/ad/mountain-apartment-for-sale-in-bourj-abi-haidar-beirut-%D8%A8%D8%B1%D8%AC-%D8%A3%D8%A8%D9%8A-%D8%AD%D9%8A%D8%AF%D8%B1-ID117022141.html,ain Apartment For Sale In Burj Abi Haidar,Beirut,Beirut-Other,159000.0,110.0,1445.5,2026-08-15 06:17
Dubizzle,https://www.olx.com.lb/ad/dy3725-okaibeh-decorated-apartment-for-sale-ID117014438.html,Unknown,Unknown,Unknown,99000.0,135.0,733.3,2026-08-15 06:17
Dubizzle,https://www.olx.com.lb/ad/175m-3bedroom-2parking-kahale-marble-habr-baabda-ID117006842.html,Other in Baabda,Baabda,Baabda,190000.0,175.0,1085.7,2026-08-15 06:17
Dubizzle,https://www.olx.com.lb/ad/new-building-80m-2bedroom-souk-ghareb-balamand-vs-kaifoun-ID116995218.html,Souk el Gharb,Aley,Aley,88000.0,80.0,1100.0,2026-08-15 06:17
Dubizzle,https://www.olx.com.lb/ad/133m-2bedroom-sale-achrafieh-sassine-bet-kataeb-behind-aust-beirut-ID116903744.html,Sassine,Beirut,Achrafieh,220000.0,133.0,1654.1,2026-08-15 06:17
Dubizzle,https://www.olx.com.lb/ad/130m-2bedroom-apartment-sale-bhamdoun-mhatta-aust-ID116865817.html,Bhamdoun,Aley,Aley,93000.0,130.0,715.4,2026-08-15 06:17
Dubizzle,https://www.olx.com.lb/ad/150m-3bedroomparking-rawche-australia-street-beirut-ID116718852.html,Rawche,Beirut,Ras Beyrouth,395000.0,155.0,2548.4,2026-08-15 06:17
Dubizzle,https://www.olx.com.lb/ad/two-units-under-construction-165m-3bedroom-garden-chwit-baabda-aley-ID116704097.html,Chouit,Baabda,Baabda,150000.0,165.0,909.1,2026-08-15 06:17
Dubizzle,https://www.olx.com.lb/ad/new-building-rooftop-100m-one-bedroom100mterrace-mar-mkhayel-bob-ID116677995.html,Mar Mkhayel,Beirut,Remeil,495000.0,200.0,2475.0,2026-08-15 06:17
Dubizzle,https://www.olx.com.lb/ad/720m-duplex-rooftop-gated-community-hazmieh-baabda-le-charcutiere-ID116660946.html,Hazmieh,Baabda,Baabda,999000.0,720.0,1387.5,2026-08-15 06:17
Dubizzle,https://www.olx.com.lb/ad/new-building-106m-2bedroomparking-dora-autoroute-beirut-ID116588715.html,Beirut Port,Beirut,Beirut-Other,145000.0,106.0,1367.9,2026-08-15 06:17
Dubizzle,https://www.olx.com.lb/ad/twothree-bedroom-apartments-new-project-sinelfil-metn-ID116285174.html,Sin El Fil,El Meten,El Meten,185000.0,140.0,1321.4,2026-08-15 06:17
Dubizzle,https://www.olx.com.lb/ad/duplex-120m-2bedroom50m-attic-apartment-sale-bhamdoun-mhatta-la-martn-ID116157076.html,Bhamdoun,Aley,Aley,125000.0,170.0,735.3,2026-08-15 06:17
Dubizzle,https://www.olx.com.lb/ad/160m-3bedroom30m-terraceparking-martakla-hazmieh-baabda-ID115181792.html,Mar Takla,Baabda,Baabda,230000.0,190.0,1210.5,2026-08-15 06:17
Dubizzle,https://www.olx.com.lb/ad/brand-new-apartment-in-baabdat-for-sale-ID117027133.html,Baabdat,El Meten,El Meten,360000.0,196.0,1836.7,2026-08-15 06:17
Dubizzle,https://www.olx.com.lb/ad/for-sale-appartment-in-jdeideh-ID116971004.html,Jdaide,El Meten,El Meten,109000.0,109.0,1000.0,2026-08-15 06:17
Dubizzle,https://www.olx.com.lb/ad/for-sale-chalet-in-hrajel-ID116899467.html,Unknown,Unknown,Unknown,69000.0,75.0,920.0,2026-08-15 06:17
Dubizzle,https://www.olx.com.lb/ad/for-sale-appartment-in-bsalim-ID116893217.html,Bsalim,El Meten,El Meten,179000.0,165.0,1084.8,2026-08-15 06:17
Dubizzle,https://www.olx.com.lb/ad/apartment-for-sale-in-qurnet-el-hamra-150000-%D8%B4%D9%82%D8%A9-%D9%81%D9%8A-%D9%82%D8%B1%D9%86%D8%A9-%D8%A7%D9%84%D8%AD%D9%85%D8%B1%D8%A7-ID116832499.html,Qornet El Hamra,El Meten,El Meten,150000.0,135.0,1111.1,2026-08-15 06:17
Dubizzle,https://www.olx.com.lb/ad/%D8%B4%D9%82%D8%A9-%D9%81%D8%AE%D9%85%D8%A9-%D9%84%D9%84%D8%A8%D9%8A%D8%B9-%D9%81%D9%8A-%D8%A7%D9%84%D8%AC%D9%86%D8%A7%D8%AD-apartment-for-sale-in-al-jnah-ID117023827.html,Jnah,Beirut,Saifeh,625000.0,300.0,2083.3,2026-08-15 06:17
Dubizzle,https://www.olx.com.lb/ad/%D8%B4%D9%82%D8%A9-%D9%85%D8%B9-%D8%A7%D8%B7%D9%84%D8%A7%D9%84%D8%A9-%D9%85%D9%85%D9%8A%D8%B2%D8%A9-%D9%84%D9%84%D8%A8%D9%8A%D8%B9-%D9%81%D9%8A-%D8%AF%D9%88%D8%AD%D8%A9-%D8%A7%D9%84%D8%AD%D8%B5-apartment-for-sale-in-dawhtlhos-ID117023814.html,Dawhet el Hoss,Aley,Aley,155000.0,120.0,1291.7,2026-08-15 06:17
Dubizzle,https://www.olx.com.lb/ad/apartments-for-sale-mansourieh-ID117020479.html,Mansourieh,El Meten,El Meten,165000.0,135.0,1222.2,2026-08-15 06:17
Dubizzle,https://www.olx.com.lb/ad/3-bedrooms-apartment-for-sale-located-in-hazmiyeh-baabda-ID117013298.html,located in Hazmiyeh,Baabda,Baabda,320000.0,157.0,2038.2,2026-08-15 06:17
Dubizzle,https://www.olx.com.lb/ad/best-of-the-best-2-apartments-in-one-deal-%D8%B4%D9%82%D8%AA%D9%8A%D9%86-%D8%A8%D8%B3%D9%86%D8%AF-%D9%88%D8%A7%D8%AD%D8%AF-%D8%A7%D9%84%D9%85%D9%86%D8%B5%D9%88%D8%B1%D9%8A%D8%A9-ID117024811.html,Mansourieh,El Meten,El Meten,145000.0,100.0,1450.0,2026-08-15 06:17
Dubizzle,https://www.olx.com.lb/ad/apartment-for-sale-in-hazmieh-cpmk180-ID116761732.html,Hazmieh,Baabda,Baabda,500000.0,230.0,2173.9,2026-08-15 06:17
Dubizzle,https://www.olx.com.lb/ad/villa-in-safra-for-sale-payment-plan-%D9%81%D9%8A%D9%84%D8%A7-%D9%84%D9%84%D8%A8%D9%8A%D8%B9-pls-26534-a2-ID117016649.html,Unknown,Unknown,Unknown,410000.0,237.0,1730.0,2026-08-15 06:17
Dubizzle,https://www.olx.com.lb/ad/apartment-for-sale-in-bsalim-js200-%D8%B4%D9%82%D8%A9-%D9%84%D9%84%D8%A8%D9%8A%D8%B9-%D9%81%D9%8A-%D8%A8%D8%B5%D8%A7%D9%84%D9%8A%D9%85-ID116622843.html,Bsalim,El Meten,El Meten,175000.0,180.0,972.2,2026-08-15 06:17
Dubizzle,https://www.olx.com.lb/ad/ksara-furnished-decorated-apartment-200-sqm-prime-location-6172-ID115915952.html,Ksara,Zahle,Zahle,190000.0,200.0,950.0,2026-08-15 06:17
Dubizzle,https://www.olx.com.lb/ad/apartment-for-sale-in-dekwaneh-ek21-%D8%B4%D9%82%D8%A9-%D9%84%D9%84%D8%A8%D9%8A%D8%B9-%D9%81%D9%8A-%D8%A7%D9%84%D8%AF%D9%83%D9%88%D8%A7%D9%86%D8%A9-ID117013514.html,Dekwaneh,El Meten,El Meten,215000.0,131.0,1641.2,2026-08-15 06:17
Dubizzle,https://www.olx.com.lb/ad/apartment-for-sale-in-rabweh-%D8%B4%D9%82%D8%A9-%D9%84%D9%84%D8%A8%D9%8A%D8%B9-%D9%81%D9%8A-%D8%A7%D9%84%D8%B1%D8%A8%D9%88%D9%87-cpcf343-ID116881442.html,Rabweh,El Meten,El Meten,430000.0,320.0,1343.8,2026-08-15 06:17
Dubizzle,https://www.olx.com.lb/ad/elegant-duplex-for-sale-in-aley-town-sea-beirut-view-ID117020178.html,Aley Town,Aley,Aley,450000.0,350.0,1285.7,2026-08-15 06:17
Dubizzle,https://www.olx.com.lb/ad/%D8%AF%D9%88%D8%A8%D9%84%D9%83%D8%B3-%D9%84%D9%84%D8%A8%D9%8A%D8%B9-%D9%81%D9%8A-%D8%B6%D9%87%D8%B1-%D8%A7%D9%84%D8%B5%D9%88%D8%A7%D9%86-duplex-for-sale-in-daher-el-souane-ID116771436.html,Dahr El Sawan,El Meten,El Meten,490000.0,370.0,1324.3,2026-08-15 06:17
Dubizzle,https://www.olx.com.lb/ad/160m2-brand-new-appart-shayleh-ID117027943.html,Unknown,Unknown,Unknown,210000.0,160.0,1312.5,2026-08-15 06:17
Dubizzle,https://www.olx.com.lb/ad/apartment-for-sale-in-sanayeh-am-%D8%B4%D9%82%D8%A9-%D9%84%D9%84%D8%A8%D9%8A%D8%B9-%D9%81%D9%8A-%D8%B5%D9%86%D8%A7%D9%8A%D8%B9-ID116976634.html,Sanayeh,Beirut,Moussaytbeh,440000.0,170.0,2588.2,2026-08-15 06:17
Dubizzle,https://www.olx.com.lb/ad/%D8%B4%D9%82%D8%A9-%D9%84%D9%84%D8%A8%D9%8A%D8%B9-%D9%81%D9%8A-%D9%85%D9%86%D8%B7%D9%82%D8%A9-%D8%A7%D9%84%D9%83%D9%88%D9%84%D8%A7-%D9%82%D8%A8%D9%84-%D8%A7%D9%84%D8%AC%D8%A7%D9%85%D8%B9%D8%A9-%D8%A7%D9%84%D8%B9%D8%B1%D8%A8%D9%8A%D8%A9-for-sale-in-cola-ID116948026.html,Tariq el Jdideh,Beirut,Mazraa,240000.0,270.0,888.9,2026-08-15 06:17
Dubizzle,https://www.olx.com.lb/ad/sheileh-210m2-%7C-fully-renovated-%7C-mint-condition-%7C-panoramic-view-%7C-el-%7C-ID116901777.html,Unknown,Unknown,Unknown,200000.0,210.0,952.4,2026-08-15 06:17
Dubizzle,https://www.olx.com.lb/ad/sheileh-146m2-new-open-view-well-lighted-to-ID116782624.html,Unknown,Unknown,Unknown,170000.0,146.0,1164.4,2026-08-15 06:17
Dubizzle,https://www.olx.com.lb/ad/jeita-250m2-110m2-terrace-mountain-view-new-accessible-to-ID116450570.html,Unknown,Unknown,Unknown,355000.0,250.0,1420.0,2026-08-15 06:17
Dubizzle,https://www.olx.com.lb/ad/sheileh-350m2-equipped-well-maintained-panoramic-view-el-ID115994793.html,Unknown,Unknown,Unknown,225000.0,350.0,642.9,2026-08-15 06:17
Dubizzle,https://www.olx.com.lb/ad/sheileh-260m2-15m2-terrace-furnished-panoramic-view-ks-to-ID115928299.html,Unknown,Unknown,Unknown,260000.0,260.0,1000.0,2026-08-15 06:17
Dubizzle,https://www.olx.com.lb/ad/apartment-for-sale-mansourieh-ID117020457.html,Mansourieh,El Meten,El Meten,200000.0,180.0,1111.1,2026-08-15 06:17
Dubizzle,https://www.olx.com.lb/ad/three-bedroom-new-apartment-in-naccache-metn-ID116972523.html,Three Bedroom New Apartment in Naccache,El Meten,El Meten,209000.0,150.0,1393.3,2026-08-15 06:17
Dubizzle,https://www.olx.com.lb/ad/apartment-for-sale-in-aley-%D8%B4%D9%82%D8%A9-%D9%84%D9%84%D8%A8%D9%8A%D8%B9-%D9%81%D9%8A-%D8%B9%D8%A7%D9%84%D9%8A%D9%87-ID116908570.html,Aley Town,Aley,Aley,250000.0,240.0,1041.7,2026-08-15 06:17
Dubizzle,https://www.olx.com.lb/ad/apartment-for-sale-in-msaytbeh-%D8%B4%D9%82%D8%A9-%D9%84%D9%84%D8%A8%D9%8A%D8%B9-%D9%81%D9%8A-%D8%A7%D9%84%D9%85%D8%B5%D9%8A%D8%B7%D8%A8%D8%A9-ID116816879.html,Msaytbeh,Beirut,Moussaytbeh,240000.0,145.0,1655.2,2026-08-15 06:17
Dubizzle,https://www.olx.com.lb/ad/high-end-apartments-with-terraces-in-mansourieh-for-sale-ID116920940.html,Mansourieh,El Meten,El Meten,210000.0,150.0,1400.0,2026-08-15 06:17
Dubizzle,https://www.olx.com.lb/ad/%D8%B4%D9%82%D8%A9-%D9%81%D8%AE%D9%85%D8%A9-%D8%B6%D9%85%D9%86-%D9%85%D8%B4%D8%B1%D9%88%D8%B9-%D9%85%D9%85%D9%8A%D8%B2-%D9%84%D9%84%D8%A8%D9%8A%D8%B9-%D9%81%D9%8A-%D8%B9%D8%A7%D9%84%D9%8A%D9%87-apartment-for-sale-in-alay-ID117023785.html,Aley Town,Aley,Aley,350000.0,280.0,1250.0,2026-08-15 06:17
Dubizzle,https://www.olx.com.lb/ad/mtayleb-sea-view-400-sqm-duplex-ID116912511.html,Mtayleb,El Meten,El Meten,739000.0,400.0,1847.5,2026-08-15 06:17
Dubizzle,https://www.olx.com.lb/ad/rabieh-230-sqm-sea-view-fully-decorated-ID116666549.html,Rabieh,El Meten,El Meten,350000.0,230.0,1521.7,2026-08-15 06:17
Dubizzle,https://www.olx.com.lb/ad/gmb105gm-apartment-for-sale-in-hosrayel-%D8%B4%D9%82%D8%A9-%D9%84%D9%84%D8%A8%D9%8A%D8%B9-%D9%81%D9%8A-%D8%AD%D8%B5%D8%B1%D8%A7%D9%8A%D9%84-ID116274145.html,Aamchit,Jbeil,Jbeil,110000.0,125.0,880.0,2026-08-15 06:17
Dubizzle,https://www.olx.com.lb/ad/penthouse-for-sale-bsalim-metn-ID117020445.html,Penthouse for sale Bsalim,El Meten,El Meten,210000.0,140.0,1500.0,2026-08-15 06:17
Dubizzle,https://www.olx.com.lb/ad/apartment-for-sale-in-zaref-%D8%B4%D9%82%D8%A9-%D9%84%D9%84%D8%A8%D9%8A%D8%B9-%D9%81%D9%8A-%D8%A7%D9%84%D8%B8%D8%B1%D9%8A%D9%81-ID117018299.html,Al Zarif,Beirut,Moussaytbeh,485000.0,225.0,2155.6,2026-08-15 06:17
Dubizzle,https://www.olx.com.lb/ad/baabda-prime-residence-%D8%A5%D9%82%D8%A7%D9%85%D8%A9-%D9%85%D9%85%D9%8A%D8%B2%D8%A9-%D9%81%D9%8A-%D8%A8%D8%B9%D8%A8%D8%AF%D8%A7-ID117018291.html,Baabda Town,Baabda,Baabda,231000.0,190.0,1215.8,2026-08-15 06:17
Dubizzle,https://www.olx.com.lb/ad/apartment-for-sale-in-achrafieh-%D8%B4%D9%82%D8%A9-%D9%84%D9%84%D8%A8%D9%8A%D8%B9-%D9%81%D9%8A-%D8%A7%D9%84%D8%A3%D8%B4%D8%B1%D9%81%D9%8A%D8%A9-ID117005082.html,Beirut,Unknown,Unknown,1000000.0,233.0,4291.8,2026-08-15 06:17
Dubizzle,https://www.olx.com.lb/ad/apartment-for-sale-in-achrafieh-%D8%B4%D9%82%D8%A9-%D9%84%D9%84%D8%A8%D9%8A%D8%B9-%D9%81%D9%8A-%D8%A7%D9%84%D8%A3%D8%B4%D8%B1%D9%81%D9%8A%D8%A9-ID116886008.html,Beirut,Unknown,Unknown,1700000.0,385.0,4415.6,2026-08-15 06:17
Dubizzle,https://www.olx.com.lb/ad/apartment-for-sale-in-beit-mery-ID117022108.html,Beit Mery,El Meten,El Meten,210000.0,160.0,1312.5,2026-08-15 06:17
Dubizzle,https://www.olx.com.lb/ad/apartment-for-sale-monteverde-garden-%D8%B4%D8%AB%D8%A9-%D9%84%D9%84%D8%A8%D9%8A%D8%B9-%D8%A7%D9%84%D9%85%D9%86%D8%AA%D9%81%D8%B1%D8%AF%D9%8A-ID117019403.html,Monteverde,El Meten,El Meten,595000.0,200.0,2975.0,2026-08-15 06:17
Dubizzle,https://www.olx.com.lb/ad/apartment-230-sqm-150-terrace-for-sale-in-ballouneh-ID116748185.html,Unknown,Unknown,Unknown,248000.0,230.0,1078.3,2026-08-15 06:17
Dubizzle,https://www.olx.com.lb/ad/3-bedrooms-apatment-in-adonis-for-sale-ID116594838.html,Unknown,Unknown,Unknown,145000.0,170.0,852.9,2026-08-15 06:17
Dubizzle,https://www.olx.com.lb/ad/villa-for-sale-in-mansourieh-%D9%81%D9%8A%D9%84%D8%A7-%D9%84%D9%84%D8%A8%D9%8A%D8%B9-%D9%81%D9%8A-%D8%A7%D9%84%D9%85%D9%86%D8%B5%D9%88%D8%B1%D9%8A%D8%A9-ID116284236.html,Mansourieh,El Meten,El Meten,1500000.0,1000.0,1500.0,2026-08-15 06:17
Dubizzle,https://www.olx.com.lb/ad/villa-for-sale-in-fakra-750k%D9%81%D9%8A%D9%84%D8%A7-%D9%84%D9%84%D8%A8%D9%8A%D8%B9-%D9%81%D9%8A-%D9%81%D9%82%D8%B1%D8%A7-%D9%A7%D9%A5%D9%A0%D9%A0%D9%A0%D9%A0-ID115926145.html,Unknown,Unknown,Unknown,750000.0,700.0,1071.4,2026-08-15 06:17
Dubizzle,https://www.olx.com.lb/ad/apartment-for-sale-in-dohat-el-hoss-seaview-terrace-%D8%AF%D9%88%D8%AD%D8%A9-%D8%A7%D9%84%D8%AD%D8%B5-ID117011930.html,Dawhet el Hoss,Aley,Aley,365000.0,250.0,1460.0,2026-08-15 06:17
Dubizzle,https://www.olx.com.lb/ad/apartment-for-sale-in-jdeideh-%D8%B4%D9%82%D8%A9-%D9%84%D9%84%D8%A8%D9%8A%D8%B9-%D9%81%D9%8A-%D8%A7%D9%84%D8%AC%D8%AF%D9%8A%D8%AF%D8%A9-ID117007668.html,Jdaide,El Meten,El Meten,114000.0,120.0,950.0,2026-08-15 06:17
Dubizzle,https://www.olx.com.lb/ad/ballouneh-100m2-well-maintained-perfect-catch-el-ID116986467.html,Unknown,Unknown,Unknown,130000.0,100.0,1300.0,2026-08-15 06:17
Dubizzle,https://www.olx.com.lb/ad/ballouneh-165m2-brand-new-luxury-apartment-view-to-ID116964817.html,Unknown,Unknown,Unknown,223000.0,165.0,1351.5,2026-08-15 06:17
Dubizzle,https://www.olx.com.lb/ad/hot-deal---apartment-%2B-amazing-sea-view-4-sale-in-antelias---%D8%A7%D9%86%D8%B7%D9%84%D9%8A%D8%A7%D8%B3-ID116931696.html,Antelias,El Meten,El Meten,180000.0,135.0,1333.3,2026-08-15 06:17
Dubizzle,https://www.olx.com.lb/ad/ballouneh-170m2-%7C-100m2-garden-%7C-prime-location-%7C-catch-%7C-el-ID116920831.html,Unknown,Unknown,Unknown,150000.0,170.0,882.4,2026-08-15 06:17
Dubizzle,https://www.olx.com.lb/ad/ajaltoun-210m2-renovated-flat-prime-location-calm-street-elda-ID116876062.html,Unknown,Unknown,Unknown,162000.0,210.0,771.4,2026-08-15 06:17
Dubizzle,https://www.olx.com.lb/ad/apartment-for-sale-in-achrafieh-iz-%D8%B4%D9%82%D8%A9-%D9%84%D9%84%D8%A8%D9%8A%D8%B9-%D9%81%D9%8A-%D8%A7%D9%84%D8%A7%D8%B4%D8%B1%D9%81%D9%8A%D8%A9-ID117024345.html,Sassine,Beirut,Achrafieh,365000.0,200.0,1825.0,2026-08-15 06:17
Dubizzle,https://www.olx.com.lb/ad/apartment-for-sale-in-achrafieh-aa484-%D8%B4%D9%82%D8%A9-%D9%84%D9%84%D8%A8%D9%8A%D8%B9-%D9%81%D9%8A-%D8%A7%D9%84%D8%A3%D8%B4%D8%B1%D9%81%D9%8A%D8%A9-ID117027701.html,Achrafieh,Beirut,Achrafieh,275000.0,140.0,1964.3,2026-08-15 06:17
Dubizzle,https://www.olx.com.lb/ad/ajaltoun-190m2-130m2-garden-oepn-view-prime-location-to-ID117008705.html,Unknown,Unknown,Unknown,270000.0,190.0,1421.1,2026-08-15 06:17
Dubizzle,https://www.olx.com.lb/ad/apartment-for-sale-in-new-rawda-jt62-%D8%B4%D9%82%D8%A9-%D9%84%D9%84%D8%A8%D9%8A%D8%B9-%D9%81%D9%8A-%D9%86%D9%8A%D9%88-%D8%B1%D9%88%D8%B6%D8%A9-ID116920461.html,New Rawda,El Meten,El Meten,180000.0,180.0,1000.0,2026-08-15 06:17
Dubizzle,https://www.olx.com.lb/ad/apartment-for-sale-in-sabtieh-%D8%B4%D9%82%D8%A9-%D9%84%D9%84%D8%A8%D9%8A%D8%B9-mb-ID116960049.html,Sabtieh,El Meten,El Meten,129999.0,145.0,896.5,2026-08-15 06:17
Dubizzle,https://www.olx.com.lb/ad/ajaltoun-640m2-villa-400m2-land-luxurious-prime-catch-ID115370116.html,Unknown,Unknown,Unknown,650000.0,640.0,1015.6,2026-08-15 06:17
Dubizzle,https://www.olx.com.lb/ad/apartment-mountain-view-4-sale-in-broumana-prime-location-%D8%A8%D8%B1%D9%88%D9%85%D8%A7%D9%86%D8%A7-ID116370710.html,Broummana,El Meten,El Meten,330000.0,175.0,1885.7,2026-08-15 06:17
Dubizzle,https://www.olx.com.lb/ad/apartment-for-sale-in-dohat-el-hoss-garden-pool-%D8%AF%D9%88%D8%AD%D8%A9-%D8%A7%D9%84%D8%AD%D8%B5-ID117008058.html,Dawhet el Hoss,Aley,Aley,300000.0,315.0,952.4,2026-08-15 06:17
Dubizzle,https://www.olx.com.lb/ad/apartment-for-sale-in-achrafieh-%D8%B4%D9%82%D8%A9-%D9%84%D9%84%D8%A8%D9%8A%D8%B9-%D9%81%D9%8A-%D8%A7%D9%84%D8%A7%D8%B4%D8%B1%D9%81%D9%8A%D8%A9-ID116826973.html,Beirut,Unknown,Unknown,200000.0,140.0,1428.6,2026-08-15 06:17
Dubizzle,https://www.olx.com.lb/ad/100-sqm-brand-new-apartment-in-jal-el-dib-metn-ID116784513.html,SQM Brand New Apartment in Jal El Dib,El Meten,El Meten,170000.0,100.0,1700.0,2026-08-15 06:17
Dubizzle,https://www.olx.com.lb/ad/apartment-for-sale-in-klayaat-%D8%B4%D9%82%D8%A9-%D9%84%D9%84%D8%A8%D9%8A%D8%B9-%D9%81%D9%8A-%D9%85%D9%86%D8%B7%D9%82%D8%A9-%D8%A7%D9%84%D8%AA%D9%82%D9%84%D9%8A%D8%B9%D8%A7%D8%AA-ID116892204.html,Unknown,Unknown,Unknown,150000.0,135.0,1111.1,2026-08-15 06:17
Dubizzle,https://www.olx.com.lb/ad/ballouneh-150m2-open-view-well-lighted-catch-el-ID116872533.html,Unknown,Unknown,Unknown,145000.0,150.0,966.7,2026-08-15 06:17
Dubizzle,https://www.olx.com.lb/ad/ajaltoun-135m2-80m2-terrace-payment-facilities-open-view-to-ID116871187.html,Unknown,Unknown,Unknown,215000.0,135.0,1592.6,2026-08-15 06:17
Dubizzle,https://www.olx.com.lb/ad/ballouneh-145m2-different-sizes-calm-area-open-view-new-to-ID116853756.html,Unknown,Unknown,Unknown,203000.0,145.0,1400.0,2026-08-15 06:17
Dubizzle,https://www.olx.com.lb/ad/ballouneh-140m2-furnished-flat-open-view-calm-area-el-ID116837046.html,Unknown,Unknown,Unknown,140000.0,140.0,1000.0,2026-08-15 06:17
Dubizzle,https://www.olx.com.lb/ad/ajaltoun-200m2-fully-furnished-luxury-flat-partial-sea-viewda-ID116834436.html,Unknown,Unknown,Unknown,155000.0,200.0,775.0,2026-08-15 06:17
Dubizzle,https://www.olx.com.lb/ad/ballouneh-130m2-mint-condition-open-view-fully-furnished-ks-ID116825806.html,Unknown,Unknown,Unknown,135000.0,130.0,1038.5,2026-08-15 06:17
Dubizzle,https://www.olx.com.lb/ad/ballouneh-220m2-open-view-calm-street-prime-location-el-ID116818393.html,Unknown,Unknown,Unknown,220000.0,220.0,1000.0,2026-08-15 06:17
Dubizzle,https://www.olx.com.lb/ad/ajaltoun-185m2-well-maintained-calm-street-high-end-da-ID116804577.html,Unknown,Unknown,Unknown,115000.0,185.0,621.6,2026-08-15 06:17
Dubizzle,https://www.olx.com.lb/ad/sheileh-145m2-brand-new-open-view-high-end-flat-to-ID116803275.html,Unknown,Unknown,Unknown,170000.0,145.0,1172.4,2026-08-15 06:17
Dubizzle,https://www.olx.com.lb/ad/350m2-apartment-4sale-in-verdun-near-abc-%D8%B4%D9%82%D8%A9-%D9%84%D9%84%D8%A8%D9%8A%D8%B9-%D9%81%D9%8A-%D9%81%D8%B1%D8%AF%D8%A7%D9%86-ID116781127.html,Verdun,Beirut,Moussaytbeh,875000.0,350.0,2500.0,2026-08-15 06:17
Dubizzle,https://www.olx.com.lb/ad/apartment-for-sale-under-construction-ID116772747.html,Baabdat,El Meten,El Meten,140000.0,127.0,1102.4,2026-08-15 06:17
Dubizzle,https://www.olx.com.lb/ad/ajaltoun-180m2-100m2-terrace-well-maintained-open-view-to-ID116714890.html,Unknown,Unknown,Unknown,125000.0,180.0,694.4,2026-08-15 06:17
Dubizzle,https://www.olx.com.lb/ad/ballouneh-300m2-villa-80m2-garden-well-maintained-private-street-ID116703640.html,Unknown,Unknown,Unknown,500000.0,300.0,1666.7,2026-08-15 06:17
Dubizzle,https://www.olx.com.lb/ad/ballouneh-180m2-furnished-duplex-unlockable-view-toha-ID116687815.html,Unknown,Unknown,Unknown,200000.0,180.0,1111.1,2026-08-15 06:17
Dubizzle,https://www.olx.com.lb/ad/ajaltoun-150m2-37m2-garden-new-panoramic-view-classic-area-t-ID116623351.html,Unknown,Unknown,Unknown,210000.0,150.0,1400.0,2026-08-15 06:17
Dubizzle,https://www.olx.com.lb/ad/ballouneh-160m2-mountian-view-decorated-flat-private-street-to-ID116601258.html,Unknown,Unknown,Unknown,160000.0,160.0,1000.0,2026-08-15 06:17
Dubizzle,https://www.olx.com.lb/ad/ballouneh-200m2-prime-location-well-lighted-catch-to-ID116545539.html,Unknown,Unknown,Unknown,210000.0,200.0,1050.0,2026-08-15 06:17
Dubizzle,https://www.olx.com.lb/ad/ajaltoun-150m2-upgraded-panoramic-view-unique-gm-ID116477059.html,Unknown,Unknown,Unknown,200000.0,150.0,1333.3,2026-08-15 06:17
Dubizzle,https://www.olx.com.lb/ad/sheileh-125m2-panoramic-view-prime-location-to-ID116474143.html,Unknown,Unknown,Unknown,130000.0,125.0,1040.0,2026-08-15 06:17
Dubizzle,https://www.olx.com.lb/ad/ballouneh-1600m2-villa-new-panoramic-view-high-end-unique-ID116323008.html,Unknown,Unknown,Unknown,2200000.0,1600.0,1375.0,2026-08-15 06:17
Dubizzle,https://www.olx.com.lb/ad/ballouneh-165m2-townhouse-partial-view-high-end-catch-ksto-ID116317727.html,Unknown,Unknown,Unknown,120000.0,165.0,727.3,2026-08-15 06:17
Dubizzle,https://www.olx.com.lb/ad/sheileh-215m2-200m2-rooftop-terrace-astonishing-view-unique-ac-ID116128692.html,Unknown,Unknown,Unknown,310000.0,215.0,1441.9,2026-08-15 06:17
Dubizzle,https://www.olx.com.lb/ad/ajaltoun-220m2-open-view-quiet-street-high-end-da-ID116104252.html,Unknown,Unknown,Unknown,150000.0,220.0,681.8,2026-08-15 06:17
Dubizzle,https://www.olx.com.lb/ad/ajaltoun-130m2-luxury-prime-location-view-catch-to-ID116019399.html,Unknown,Unknown,Unknown,117000.0,130.0,900.0,2026-08-15 06:17
Dubizzle,https://www.olx.com.lb/ad/ajaltoun-120m2-brand-new-open-sea-view-luxury-ks-ID115977365.html,Unknown,Unknown,Unknown,110000.0,120.0,916.7,2026-08-15 06:17
Dubizzle,https://www.olx.com.lb/ad/ballouneh-200m2-duplex-well-maintained-private-entrance-to-ID115944319.html,Unknown,Unknown,Unknown,140000.0,200.0,700.0,2026-08-15 06:17
Dubizzle,https://www.olx.com.lb/ad/ballouneh-130m2-new-payment-facilities-luxurious-view-my-ID115930661.html,Unknown,Unknown,Unknown,187000.0,130.0,1438.5,2026-08-15 06:17
Dubizzle,https://www.olx.com.lb/ad/ballouneh-450m2-private-housebuilding-two-apartments-catch-my-ID115902115.html,Unknown,Unknown,Unknown,500000.0,450.0,1111.1,2026-08-15 06:17
Dubizzle,https://www.olx.com.lb/ad/ballouneh-250m2-high-end-decorated-panoramic-view-my-ID115886601.html,Unknown,Unknown,Unknown,265000.0,250.0,1060.0,2026-08-15 06:17
Dubizzle,https://www.olx.com.lb/ad/ajaltoun-270m2-main-road-fully-redesigned-view-catch-ac-ID115848495.html,Unknown,Unknown,Unknown,165000.0,270.0,611.1,2026-08-15 06:17
Dubizzle,https://www.olx.com.lb/ad/ajaltoun-120m2-furnished-mountain-view-decorated-calm-area-to-ID115747538.html,Unknown,Unknown,Unknown,140000.0,120.0,1166.7,2026-08-15 06:17
Dubizzle,https://www.olx.com.lb/ad/ballouneh-240m2-150m2-terrace-sea-view-upgraded-unique-propert-ID115717489.html,Unknown,Unknown,Unknown,340000.0,240.0,1416.7,2026-08-15 06:17
Dubizzle,https://www.olx.com.lb/ad/ballouneh-135m2-new-private-street-luxurious-ID115660896.html,Unknown,Unknown,Unknown,150000.0,135.0,1111.1,2026-08-15 06:17
Dubizzle,https://www.olx.com.lb/ad/sheileh-220m2-30m2-terrace-upgraded-prime-location-catch-ID115566043.html,Unknown,Unknown,Unknown,200000.0,220.0,909.1,2026-08-15 06:17
Dubizzle,https://www.olx.com.lb/ad/apartment-for-sale-in-hazmieh-cpmk180-ID116761732.html,Hazmieh,Baabda,Baabda,500000.0,230.0,2173.9,2026-08-15 06:17
Dubizzle,https://www.olx.com.lb/ad/apartment-for-sale-in-sehayle-%D8%B4%D9%82%D8%A9-%D9%84%D9%84%D8%A8%D9%8A%D8%B9-%D9%81%D9%8A-%D9%85%D9%86%D8%B7%D9%82%D8%A9-%D8%B3%D9%87%D9%8A%D9%84%D8%A9-ID116699238.html,Unknown,Unknown,Unknown,170000.0,185.0,918.9,2026-08-15 06:17
Dubizzle,https://www.olx.com.lb/ad/luxury-duplex-for-sale-in-jnah-spinneys-%E2%80%93-cpbhs56-ID116906482.html,Jnah,Beirut,Saifeh,1350000.0,520.0,2596.2,2026-08-15 06:17
Dubizzle,https://www.olx.com.lb/ad/apartment-for-sale-in-bayada-%D8%B4%D9%82%D8%A9-%D9%84%D9%84%D8%A8%D9%8A%D8%B9-%D9%81%D9%8A-%D8%A7%D9%84%D8%A8%D9%8A%D8%A7%D8%B6%D8%A9-ID116831634.html,Biyada,El Meten,El Meten,460000.0,206.0,2233.0,2026-08-15 06:17
Dubizzle,https://www.olx.com.lb/ad/sheileh-390m2-85m2-terrace-well-maintained-el-ID115735183.html,Unknown,Unknown,Unknown,350000.0,390.0,897.4,2026-08-15 06:17
Dubizzle,https://www.olx.com.lb/ad/apartment-for-sale-in-fanar-%D8%B4%D9%82%D8%A9-%D9%84%D9%84%D8%A8%D9%8A%D8%B9-%D9%81%D9%8A-%D8%A7%D9%84%D9%81%D9%86%D8%A7%D8%B1-cpjw25-ID116973678.html,Fanar,El Meten,El Meten,440000.0,240.0,1833.3,2026-08-15 06:17
Dubizzle,https://www.olx.com.lb/ad/cozy-pool-furnished-luxury-duplex-for-sale-in-baabdat-ID117010785.html,Baabdat,El Meten,El Meten,650000.0,400.0,1625.0,2026-08-15 06:17
Dubizzle,https://www.olx.com.lb/ad/bsalim-35-down-payment-payment-facilities-cpcf243-ID116346998.html,Bsalim,El Meten,El Meten,483000.0,230.0,2100.0,2026-08-15 06:17
Dubizzle,https://www.olx.com.lb/ad/250-sqm-apartment-for-sale-in-ajaltoun-high-end-ID116968252.html,Unknown,Unknown,Unknown,260000.0,250.0,1040.0,2026-08-15 06:17
Dubizzle,https://www.olx.com.lb/ad/apartment-for-sale-ras-al-nabaa-%D8%B4%D9%82%D8%A9-%D9%84%D9%84%D8%A8%D9%8A%D8%B9-%D8%B1%D8%A7%D8%B3-%D8%A7%D9%84%D9%86%D8%A8%D8%B9%D8%A9-ID117027576.html,Ras Al Nabaa,Beirut,Mazraa,750000.0,237.0,3164.6,2026-08-15 06:17
Dubizzle,https://www.olx.com.lb/ad/ajaltoun-205m2-duplex-upgraded-astonishing-view-luxurious-ID114363875.html,Unknown,Unknown,Unknown,150000.0,200.0,750.0,2026-08-15 06:17
Dubizzle,https://www.olx.com.lb/ad/ajaltoun-750m2-villa-new-panoramic-view-high-end-ID114211835.html,Unknown,Unknown,Unknown,1200000.0,750.0,1600.0,2026-08-15 06:17
Dubizzle,https://www.olx.com.lb/ad/ballouneh-220m2-high-end-brand-new-panoramic-view-ID109590639.html,Unknown,Unknown,Unknown,220000.0,220.0,1000.0,2026-08-15 06:17
Dubizzle,https://www.olx.com.lb/ad/safra-tabarja-catchy-135m%C2%B2-apartment-open-sea-view-3-balconies-ID117015148.html,Unknown,Unknown,Unknown,99900.0,135.0,740.0,2026-08-15 06:17
Dubizzle,https://www.olx.com.lb/ad/apartment-for-sale-in-jdeideh-%D8%B4%D9%82%D8%A9-%D9%84%D9%84%D8%A8%D9%8A%D8%B9-%D9%81%D9%8A-%D8%A7%D9%84%D8%AC%D8%AF%D9%8A%D8%AF%D8%A9-ID117007666.html,Jdaide,El Meten,El Meten,140000.0,140.0,1000.0,2026-08-15 06:17
Dubizzle,https://www.olx.com.lb/ad/%D8%A8%D9%86%D8%A7%D9%8A%D8%A9-%D8%A8%D9%82%D9%84%D8%A8-%D8%A8%D8%AD%D9%85%D8%AF%D9%88%D9%86-%D9%83%D8%A7%D8%B4%D9%81%D9%87-ID117000991.html,Bhamdoun,Aley,Aley,400000.0,600.0,666.7,2026-08-15 06:17
Dubizzle,https://www.olx.com.lb/ad/apartment-for-sale-in-new-sehayleh---%D8%B4%D9%82%D8%A9-%D9%84%D9%84%D8%A8%D9%8A%D8%B9-%D9%81%D9%8A-%D9%86%D9%8A%D9%88-%D8%B3%D9%87%D9%8A%D9%84%D8%A9-ID116910700.html,Unknown,Unknown,Unknown,225000.0,175.0,1285.7,2026-08-15 06:17
Dubizzle,https://www.olx.com.lb/ad/2-bedroom-apartment-4sale-in-the-heart-of-achrafieh-%D8%A7%D9%84%D8%A3%D8%B4%D8%B1%D9%81%D9%8A%D8%A9-ID116887765.html,Beirut,Unknown,Unknown,340000.0,120.0,2833.3,2026-08-15 06:17
Dubizzle,https://www.olx.com.lb/ad/lux-350m2-apartment-4sale-in-ain-el-tineh-%D8%B4%D9%82%D8%A9-%D9%84%D9%84%D8%A8%D9%8A%D8%B9-%D9%81%D9%8A-%D8%B9%D9%8A%D9%86-%D8%A7%D9%84%D8%AA%D9%8A%D9%86%D8%A9-ID116765507.html,Ain Al Tineh,Beirut,Beirut-Other,1000000.0,350.0,2857.1,2026-08-15 06:17
Dubizzle,https://www.olx.com.lb/ad/300m2-apartmentsea-view-4sale-in-ain-el-tine-%D8%B4%D9%82%D8%A9-%D9%84%D9%84%D8%A8%D9%8A%D8%B9-%D9%81%D9%8A-%D8%B9%D9%8A%D9%86-%D8%A7%D9%84%D8%AA%D9%8A%D9%86%D8%A9-ID116721622.html,Ain Al Tineh,Beirut,Beirut-Other,800000.0,300.0,2666.7,2026-08-15 06:17
Dubizzle,https://www.olx.com.lb/ad/hot-deal-high-floor-apartmentseaview-4sale-in-rawche-%D8%B4%D9%82%D8%A9-%D9%81%D9%8A-%D8%A7%D9%84%D8%B1%D9%88%D8%B4%D8%A9-ID116666039.html,Rawche,Beirut,Ras Beyrouth,1600000.0,375.0,4266.7,2026-08-15 06:17
Dubizzle,https://www.olx.com.lb/ad/hot-deal-lux-modern-flat-4-sale-in-ramlet-el-bayda-%D8%A7%D9%84%D8%B1%D9%85%D9%84%D8%A9-%D8%A7%D9%84%D8%A8%D9%8A%D8%B6%D8%A7%D8%A1-ID116376047.html,Ramlet el Bayda,Beirut,Moussaytbeh,1250000.0,350.0,3571.4,2026-08-15 06:17
Dubizzle,https://www.olx.com.lb/ad/for-sale-clemenceau-beirut-ID117012096.html,Clemenceau,Beirut,Ras Beyrouth,170000.0,50.0,3400.0,2026-08-15 06:17
Dubizzle,https://www.olx.com.lb/ad/prime-3-bedroom-apartment-for-sale-in-spears-ID117006268.html,Spears,Beirut,Moussaytbeh,425000.0,150.0,2833.3,2026-08-15 06:17
Dubizzle,https://www.olx.com.lb/ad/apartment-for-sale-in-jal-el-dib-%D8%B4%D9%82%D8%A9-%D9%84%D9%84%D8%A8%D9%8A%D8%B9-%D9%81%D9%8A-%D8%AC%D9%84-%D8%A7%D9%84%D8%AF%D9%8A%D8%A8-ID116961541.html,Jal El Dib,El Meten,El Meten,270000.0,170.0,1588.2,2026-08-15 06:17
Dubizzle,https://www.olx.com.lb/ad/hot-deal--apartment-for-sale-in-syoufi%2Cachrafieh-%2Bcity-view---%D8%A7%D9%84%D8%A3%D8%B4%D8%B1%D9%81%D9%8A%D8%A9-ID116931300.html,Sioufi,Beirut,Achrafieh,225000.0,113.0,1991.2,2026-08-15 06:17
Dubizzle,https://www.olx.com.lb/ad/apartment-for-sale-in-jdaide-%D8%B4%D9%82%D8%A9-%D9%84%D9%84%D8%A8%D9%8A%D8%B9-%D9%81%D9%8A-%D8%A7%D9%84%D8%AC%D8%AF%D9%8A%D8%AF%D9%87-ID116914552.html,Jdaide,El Meten,El Meten,140000.0,100.0,1400.0,2026-08-15 06:17
Dubizzle,https://www.olx.com.lb/ad/strategic-location-300-m2-apartment-4sale-in-koraytem-%D9%82%D8%B1%D9%8A%D8%B7%D9%85-ID116895018.html,Koraytem,Beirut,Ras Beyrouth,900000.0,300.0,3000.0,2026-08-15 06:17
Dubizzle,https://www.olx.com.lb/ad/new-modern-2-bedroom-penthouseterraceview-4sale-in-verdun-%D9%81%D8%B1%D8%AF%D8%A7%D9%86-ID116849877.html,Verdun,Beirut,Moussaytbeh,800000.0,176.0,4545.5,2026-08-15 06:17
Dubizzle,https://www.olx.com.lb/ad/185m2-apartment-4sale-in-ras-beiruth-hamranear-aub-%D8%B4%D9%82%D8%A9-%D9%81%D9%8A-%D8%A7%D9%84%D8%AD%D9%85%D8%B1%D8%A7-ID116786825.html,Hamra,Beirut,Ras Beyrouth,550000.0,185.0,2973.0,2026-08-15 06:17
Dubizzle,https://www.olx.com.lb/ad/210m2-brand-new-lux-apartment-4sale-in-downtown-spears%D8%B4%D9%82%D8%A9-%D9%81%D9%8A-%D8%B3%D8%A8%D9%8A%D8%B1%D8%B2-ID116781107.html,Downtown,Beirut,Beirut Central District,600000.0,210.0,2857.1,2026-08-15 06:17
Dubizzle,https://www.olx.com.lb/ad/318m2-apartment-4sale-in-mar-mitr-2-min-away-from-abc-achrafieh-ID116743484.html,Beirut,Unknown,Unknown,750000.0,318.0,2358.5,2026-08-15 06:17
Dubizzle,https://www.olx.com.lb/ad/apartment-for-sale-in-baabda-%D8%B4%D9%82%D8%A9-%D9%84%D9%84%D8%A8%D9%8A%D8%B9-%D9%81%D9%8A-%D8%A8%D8%B9%D8%A8%D8%AF%D8%A7-%D9%A7%D9%A5%D9%A0%D9%A0%D9%A0%D9%A0-ID116138031.html,Baabda Town,Baabda,Baabda,900000.0,300.0,3000.0,2026-08-15 06:17
Dubizzle,https://www.olx.com.lb/ad/fully-renovated-apartment-for-sale-7-rooms-in-dekwaneh-300m2-for-270k-ID117028412.html,Dekwaneh,El Meten,El Meten,270000.0,300.0,900.0,2026-08-15 06:17
Dubizzle,https://www.olx.com.lb/ad/fatqa-prime-90m%C2%B2-investment-2-balconies-calm-neighborhood-ID117027159.html,Unknown,Unknown,Unknown,79900.0,90.0,887.8,2026-08-15 06:17
Dubizzle,https://www.olx.com.lb/ad/cornet-el-hamra-decorated-3-bedrooms-apart-65m2-backyard-terrace-ID116841383.html,Qornet El Hamra,El Meten,El Meten,169900.0,200.0,849.5,2026-08-15 06:17
Dubizzle,https://www.olx.com.lb/ad/new-3-bedrooms-for-sale-ID116663639.html,Aatchane,El Meten,El Meten,160000.0,143.0,1118.9,2026-08-15 06:17
Dubizzle,https://www.olx.com.lb/ad/zaghrine-stunning-terrace-with-a-panoramic-view-ID117026960.html,Zaghrine,El Meten,El Meten,280000.0,230.0,1217.4,2026-08-15 06:17
Dubizzle,https://www.olx.com.lb/ad/biyada-under-construction-250-sqm-full-sea-view-ID117022225.html,Biyada,El Meten,El Meten,625000.0,250.0,2500.0,2026-08-15 06:17
Dubizzle,https://www.olx.com.lb/ad/duplex-for-sale-atchane-ID117018983.html,Aatchane,El Meten,El Meten,135000.0,135.0,1000.0,2026-08-15 06:17
Dubizzle,https://www.olx.com.lb/ad/elegant-duplex-for-sale-choueifat-aley-%D9%84%D9%84%D8%A8%D9%8A%D8%B9-%D8%A7%D9%84%D8%B4%D9%88%D9%8A%D9%81%D8%A7%D8%AA-%D8%AF%D9%8A%D8%B1%D9%82%D9%88%D8%A8%D9%84-ID117012988.html,Elegant Duplex For Sale Choueifat,Aley,Aley,420000.0,400.0,1050.0,2026-08-15 06:17
Dubizzle,https://www.olx.com.lb/ad/%D8%AA%D9%84%D8%A7%D9%84-%D8%B9%D9%8A%D9%86-%D8%B3%D8%B9%D8%A7%D8%AF%D8%A9-%D9%A1%D9%A2%D9%A4%D9%85-%D9%88-%D9%A1%D9%A5%D9%A0%D9%85-%D8%AA%D8%B1%D8%A7%D8%B3-%D9%88-%D8%AD%D8%AF%D9%8A%D9%82%D8%A9-%D8%A8%D8%B3-%D8%A8%D9%A1%D9%A3%D9%A0-%D8%A7%D9%84%D9%81-ID116970868.html,Tilal Ain Saade,El Meten,El Meten,130000.0,124.0,1048.4,2026-08-15 06:17
Dubizzle,https://www.olx.com.lb/ad/sheileh-140m2-mint-condition-panoramic-view-catch-el-ID116964596.html,Unknown,Unknown,Unknown,145000.0,140.0,1035.7,2026-08-15 06:17
Dubizzle,https://www.olx.com.lb/ad/exclusive-apartment-penthouse-for-sale-in-ain-saadeh-prime-location-ID116614775.html,Ain Saadeh,El Meten,El Meten,550000.0,400.0,1375.0,2026-08-15 06:17
Dubizzle,https://www.olx.com.lb/ad/apartment-for-sale-in-halat-cpjhm16-ID116591754.html,Halat,Jbeil,Jbeil,170000.0,145.0,1172.4,2026-08-15 06:17
Dubizzle,https://www.olx.com.lb/ad/apartment-for-sale-in-sehayle-%D8%B4%D9%82%D8%A9-%D9%84%D9%84%D8%A8%D9%8A%D8%B9-%D9%81%D9%8A-%D9%85%D9%86%D8%B7%D9%82%D8%A9-%D8%B3%D9%87%D9%8A%D9%84%D8%A9-ID116699238.html,Unknown,Unknown,Unknown,170000.0,185.0,918.9,2026-08-15 06:17
Dubizzle,https://www.olx.com.lb/ad/furnished-160-m2-apartmentcity-view-4sale-in-sabtieh-%D8%B4%D9%82%D8%A9-%D9%81%D9%8A-%D8%A7%D9%84%D8%B3%D8%A8%D8%AA%D9%8A%D8%A9-ID116834464.html,Sabtieh,El Meten,El Meten,145000.0,160.0,906.2,2026-08-15 06:17
Dubizzle,https://www.olx.com.lb/ad/apartment-for-sale-in-furn-el-chebbak-220-000-%D8%B4%D9%82%D8%A9-%D9%84%D9%84%D8%A8%D9%8A%D8%B9-%D9%81%D8%B1%D9%86-%D8%A7%D9%84%D8%B4%D8%A8%D8%A7%D9%83-ID116983379.html,Furn El Chebbak,Baabda,Baabda,220000.0,120.0,1833.3,2026-08-15 06:17
Dubizzle,https://www.olx.com.lb/ad/sea-view-apartment-for-sale-in-saifi-%D8%B4%D9%82%D8%A9-%D9%84%D9%84%D8%A8%D9%8A%D8%B9-%D9%81%D9%8A-%D8%A7%D9%84%D8%B5%D9%8A%D9%81%D9%8A-ID116961760.html,Saifi,Beirut,Saifeh,890000.0,250.0,3560.0,2026-08-15 06:17
Dubizzle,https://www.olx.com.lb/ad/apartment-for-sale-in-unesco-kz-%D8%B4%D9%82%D8%A9-%D9%84%D9%84%D8%A8%D9%8A%D8%B9-%D9%81%D9%8A-%D8%A7%D9%84%D8%A7%D9%88%D9%86%D9%8A%D8%B3%D9%83%D9%88-ID117026605.html,Unesco,Beirut,Beirut-Other,1019000.0,360.0,2830.6,2026-08-15 06:17
Dubizzle,https://www.olx.com.lb/ad/apartment-for-sale-in-jdeideh-%D8%B4%D9%82%D8%A9-%D9%84%D9%84%D8%A8%D9%8A%D8%B9-ph-ID116819079.html,Jdaide,El Meten,El Meten,235000.0,166.0,1415.7,2026-08-15 06:17
Dubizzle,https://www.olx.com.lb/ad/apartment-for-sale-in-beit-el-chaar-%D8%B4%D9%82%D8%A9-%D9%84%D9%84%D8%A8%D9%8A%D8%B9-%D9%81%D9%8A-%D8%A8%D9%8A%D8%AA-%D8%A7%D9%84%D8%B4%D8%B9%D8%A7%D8%B1-ID116822454.html,Awkar,El Meten,El Meten,90000.0,112.0,803.6,2026-08-15 06:17
Dubizzle,https://www.olx.com.lb/ad/apartment-for-sale-in-achrafieh-%D8%B4%D9%82%D8%A9-%D9%84%D9%84%D8%A8%D9%8A%D8%B9-%D9%81%D9%8A-%D8%A7%D9%84%D8%A3%D8%B4%D8%B1%D9%81%D9%8A%D8%A9-ID116951791.html,Beirut,Unknown,Unknown,750000.0,320.0,2343.8,2026-08-15 06:17
Dubizzle,https://www.olx.com.lb/ad/196sqm-apartment-for-sale-in-baabdat-%D8%B4%D9%82%D8%A9-%D9%84%D9%84%D8%A8%D9%8A%D8%B9-%D9%81%D9%8A-%D8%A8%D8%B9%D8%A8%D8%AF%D8%A7%D8%AA-ID117023116.html,Baabdat,El Meten,El Meten,360000.0,196.0,1836.7,2026-08-15 06:17
Dubizzle,https://www.olx.com.lb/ad/sheileh-100m2-%7C-prime-location-%7C-calm-area-%7C-catch-%7C-to-ID116919854.html,Unknown,Unknown,Unknown,132000.0,100.0,1320.0,2026-08-15 06:17
Dubizzle,https://www.olx.com.lb/ad/sheileh-135m2-brand-flat-calm-area-well-lighted-open-view-el-ID116876699.html,Unknown,Unknown,Unknown,145000.0,135.0,1074.1,2026-08-15 06:17
Dubizzle,https://www.olx.com.lb/ad/3-bedrooms-apartment-with-garden-for-sale-maska-ID116858245.html,Broummana,El Meten,El Meten,340000.0,305.0,1114.8,2026-08-15 06:17
Dubizzle,https://www.olx.com.lb/ad/sheileh-125m2-mountain-view-luxury-quiet-street-el-ID116840268.html,Unknown,Unknown,Unknown,110000.0,125.0,880.0,2026-08-15 06:17
Dubizzle,https://www.olx.com.lb/ad/sheileh-360m2-furnished-super-luxurious-panoramic-view-tomch-ID116802365.html,Unknown,Unknown,Unknown,500000.0,360.0,1388.9,2026-08-15 06:17
Dubizzle,https://www.olx.com.lb/ad/sheileh-150m2-120m2-terrace-well-lighted-quiet-street-toks-ID116802145.html,Unknown,Unknown,Unknown,145000.0,150.0,966.7,2026-08-15 06:17
Dubizzle,https://www.olx.com.lb/ad/sheileh-140m2-120m2-terrace-semi-furnished-luxiry-open-view-to-ID116739669.html,Unknown,Unknown,Unknown,219998.0,140.0,1571.4,2026-08-15 06:17
Dubizzle,https://www.olx.com.lb/ad/rabwe-decorated-225-sqm-170-sqm-elevated-garden-with-view-ID116706262.html,Rabweh,El Meten,El Meten,370000.0,190.0,1947.4,2026-08-15 06:17
Dubizzle,https://www.olx.com.lb/ad/new-sheileh-200m2-duplex-panoramic-view-classy-area-el-ID116688464.html,Unknown,Unknown,Unknown,160000.0,200.0,800.0,2026-08-15 06:17
Dubizzle,https://www.olx.com.lb/ad/sheileh-285m2-terraces-panoramic-view-quiet-street-ga-ID116629871.html,Unknown,Unknown,Unknown,220000.0,285.0,771.9,2026-08-15 06:17
Dubizzle,https://www.olx.com.lb/ad/sheileh-250m2-20m2-terrace-sea-view-modern-el-ID116623481.html,Unknown,Unknown,Unknown,260000.0,250.0,1040.0,2026-08-15 06:17
Dubizzle,https://www.olx.com.lb/ad/sheileh-180m2-luxury-sea-view-prime-location-el-ID116623429.html,Unknown,Unknown,Unknown,175000.0,180.0,972.2,2026-08-15 06:17
Dubizzle,https://www.olx.com.lb/ad/sheileh-400m2-duplex-60m2-terrace-view-new-luxurious-el-ID116100643.html,Unknown,Unknown,Unknown,330000.0,400.0,825.0,2026-08-15 06:17
Dubizzle,https://www.olx.com.lb/ad/sheileh-245m2-190m2-garden-private-entrance-provision-pool-ac-ID116062494.html,Unknown,Unknown,Unknown,390000.0,245.0,1591.8,2026-08-15 06:17
Dubizzle,https://www.olx.com.lb/ad/blat-jbeil-sea-view-140-sqm-250-sqm-rooftop-terrace-ID116023018.html,Blat,Jbeil,Jbeil,200000.0,80.0,2500.0,2026-08-15 06:17
Dubizzle,https://www.olx.com.lb/ad/new-sheileh-185m2-100m2-terrace-open-view-luxury-mint-conditio-ID115672804.html,Unknown,Unknown,Unknown,195000.0,185.0,1054.1,2026-08-15 06:17
Dubizzle,https://www.olx.com.lb/ad/%D9%85%D8%A8%D9%86%D9%89-%D9%82%D9%8A%D8%AF-%D8%A7%D9%84%D8%A7%D9%86%D8%B4%D8%A7%D8%A1-%D8%A3%D9%88-villa-%D9%85%D9%88%D9%82%D8%B9-%D9%85%D9%85%D9%8A%D8%B2-%D9%81%D9%8A-%D8%AF%D9%88%D8%AD%D8%A9-%D8%A7%D9%84%D8%AD%D8%B5-%D9%83%D8%A7%D8%B4%D9%81-%D8%A7%D9%84%D8%A8%D8%AD%D8%B1-%D9%88%D8%A7%D9%84%D9%85%D8%AF%D9%8A%D9%86%D8%A9-ID117025360.html,Dawhet el Hoss,Aley,Aley,1200000.0,1500.0,800.0,2026-08-15 06:17
Dubizzle,https://www.olx.com.lb/ad/gmk503jh-apartment-for-sale-in-faitroun-%D8%B4%D9%82-%D8%A9-%D9%84%D9%84%D8%A8%D9%8A%D8%B9-%D9%81%D9%8A-%D9%81%D9%8A%D8%AA%D8%B1%D9%88%D9%86-ID117023661.html,Unknown,Unknown,Unknown,170000.0,200.0,850.0,2026-08-15 06:17
Dubizzle,https://www.olx.com.lb/ad/safra-tabarja-135m%C2%B2-3-bedrooms-apartment-sea-view-3-balconies-ID117015145.html,Unknown,Unknown,Unknown,94900.0,135.0,703.0,2026-08-15 06:17
Dubizzle,https://www.olx.com.lb/ad/apartment-for-sale-in-naccache-%D8%B4%D9%82%D8%A9-%D9%84%D9%84%D8%A8%D9%8A%D8%B9-%D9%81%D9%8A-%D8%A7%D9%84%D9%86%D9%82%D8%A7%D8%B4-cplo44-ID116992866.html,Naccache,El Meten,El Meten,650000.0,260.0,2500.0,2026-08-15 06:17
Dubizzle,https://www.olx.com.lb/ad/apartment-for-sale-in-feitroun-%D8%B4%D9%82%D8%A9-%D9%84%D9%84%D8%A8%D9%8A%D8%B9-%D9%81%D9%8A-%D9%81%D9%8A%D8%B7%D8%B1%D9%88%D9%86-cpkmf114-ID116989183.html,Unknown,Unknown,Unknown,181000.0,164.0,1103.7,2026-08-15 06:17
Dubizzle,https://www.olx.com.lb/ad/sheileh-65m2-cozy-apartment-new-mountain-view-catch-el-ID116986457.html,Unknown,Unknown,Unknown,70000.0,65.0,1076.9,2026-08-15 06:17
Dubizzle,https://www.olx.com.lb/ad/sheileh-250m2-250m2-terrace-prime-location-catch-view-el-ID116983484.html,Unknown,Unknown,Unknown,240000.0,250.0,960.0,2026-08-15 06:17
Dubizzle,https://www.olx.com.lb/ad/225sqm-super-deluxe-apartment-for-sale-in-mar-chaaya-ID116977824.html,Mar Chaaya,El Meten,El Meten,430000.0,225.0,1911.1,2026-08-15 06:17
Dubizzle,https://www.olx.com.lb/ad/ajaltoun-320m2-triplex-excellent-condition-private-street-tyt-ID116969774.html,Unknown,Unknown,Unknown,400000.0,320.0,1250.0,2026-08-15 06:17
Dubizzle,https://www.olx.com.lb/ad/ain-el-rihaneh-175m2-%7C-prime-location-%7C-private-street-%7C-el-ID116920912.html,Unknown,Unknown,Unknown,175000.0,175.0,1000.0,2026-08-15 06:17
Dubizzle,https://www.olx.com.lb/ad/jeita-120m2-%7C-60m2-terrace-%7C-well-maintained-%7C-open-view-%7C-el-ID116920845.html,Unknown,Unknown,Unknown,140000.0,120.0,1166.7,2026-08-15 06:17
Dubizzle,https://www.olx.com.lb/ad/ain-el-rihaneh-165m2-well-maintained-calm-area-view-el-ID116715394.html,Unknown,Unknown,Unknown,110000.0,165.0,666.7,2026-08-15 06:17
Dubizzle,https://www.olx.com.lb/ad/brand-new-180-m2-apartmentterraceopen-view-4sale-in-broumana-%D8%A8%D8%B1%D9%85%D8%A7%D9%86%D8%A7-ID116686588.html,Broummana,El Meten,El Meten,350000.0,180.0,1944.4,2026-08-15 06:17
Dubizzle,https://www.olx.com.lb/ad/groundfloor-gf-flat-poolview-sale-rihanieh-baabda-yarze-yarzeh-ID116666585.html,view sale Rihanieh,Baabda,Baabda,750000.0,300.0,2500.0,2026-08-15 06:17
Dubizzle,https://www.olx.com.lb/ad/jeita-225m2-mint-condition-panoramic-view-prime-location-el-ID116536645.html,Unknown,Unknown,Unknown,205000.0,225.0,911.1,2026-08-15 06:17
Dubizzle,https://www.olx.com.lb/ad/apartment-for-sale-in-feytroun-%D8%B4%D9%82%D8%A9-%D9%84%D9%84%D8%A8%D9%8A%D8%B9-%D9%81%D9%8A-%D9%81%D9%8A%D8%B7%D8%B1%D9%88%D9%86-cpkhs08-ID116979260.html,Unknown,Unknown,Unknown,95000.0,130.0,730.8,2026-08-15 06:17
Dubizzle,https://www.olx.com.lb/ad/apartment-for-sale-in-ramlet-al-baydah-%E2%80%93-cpbhs52-ID116906464.html,Ramlet el Bayda,Beirut,Moussaytbeh,1200000.0,270.0,4444.4,2026-08-15 06:17
Dubizzle,https://www.olx.com.lb/ad/best-of-the-best-2-apartments-in-one-deal-%D8%B4%D9%82%D8%AA%D9%8A%D9%86-%D8%A8%D8%B3%D9%86%D8%AF-%D9%88%D8%A7%D8%AD%D8%AF-%D8%A7%D9%84%D9%85%D9%86%D8%B5%D9%88%D8%B1%D9%8A%D8%A9-ID117024811.html,Mansourieh,El Meten,El Meten,145000.0,100.0,1450.0,2026-08-15 06:17
Dubizzle,https://www.olx.com.lb/ad/jeita-160m2-under-construction-payment-facilities-calm-area-ba-ID116420682.html,Unknown,Unknown,Unknown,224000.0,160.0,1400.0,2026-08-15 06:17
Dubizzle,https://www.olx.com.lb/ad/exclusive-apartment-for-sale-beit-meri-ID117002038.html,Beit Mery,El Meten,El Meten,200000.0,245.0,816.3,2026-08-15 06:17
Dubizzle,https://www.olx.com.lb/ad/apartment-for-sale-in-breij-installments-%D8%B4%D9%82%D8%A9-%D9%84%D9%84%D8%A8%D9%8A%D8%B9-pls-2634714-ID116586546.html,Breij,Jbeil,Jbeil,105000.0,100.0,1050.0,2026-08-15 06:17
Dubizzle,https://www.olx.com.lb/ad/fanar-prime-residence-%D8%A5%D9%82%D8%A7%D9%85%D8%A9-%D9%85%D9%85%D9%8A%D8%B2%D8%A9-%D9%81%D9%8A-%D9%85%D9%88%D9%82%D8%B9-%D8%B1%D8%A6%D9%8A%D8%B3%D9%8A-%D9%81%D9%8A-%D8%A7%D9%84%D9%81%D9%86%D8%A7%D8%B1-ID117021991.html,Fanar,El Meten,El Meten,195000.0,160.0,1218.8,2026-08-15 06:17
Dubizzle,https://www.olx.com.lb/ad/luxury-mountain-view-apartment-for-sale-in-mansouriyeh.-ID116906789.html,Mansourieh,El Meten,El Meten,200000.0,295.0,678.0,2026-08-15 06:17
Dubizzle,https://www.olx.com.lb/ad/apartment-for-sale-in-antounieh-baabda-cpdd30-ID116679092.html,Baabda Town,Baabda,Baabda,310000.0,185.0,1675.7,2026-08-15 06:17
Dubizzle,https://www.olx.com.lb/ad/sheileh-170m2-new-panoramic-view-luxury-prime-location-to-ID115776227.html,Unknown,Unknown,Unknown,150000.0,170.0,882.4,2026-08-15 06:17
Dubizzle,https://www.olx.com.lb/ad/jeita-230m2-well-maintained-mountain-view-prime-area-el-ID116522143.html,Unknown,Unknown,Unknown,220000.0,230.0,956.5,2026-08-15 06:17
Dubizzle,https://www.olx.com.lb/ad/jeita-125m2-well-maintained-decorated-prime-location-torbdo-ID116411708.html,Unknown,Unknown,Unknown,120000.0,125.0,960.0,2026-08-15 06:17
Dubizzle,https://www.olx.com.lb/ad/jeita-180m2-panoramic-view-luxury-calm-area-prime-location-el-ID116324950.html,Unknown,Unknown,Unknown,200000.0,180.0,1111.1,2026-08-15 06:17
Dubizzle,https://www.olx.com.lb/ad/sheileh-175m2-180m2-garden-private-street-super-luxurious-ac-ID116128672.html,Unknown,Unknown,Unknown,255000.0,175.0,1457.1,2026-08-15 06:17
Dubizzle,https://www.olx.com.lb/ad/jeita-230m2-100m2-terrace-calm-street-furnished-catch-to-ID115922489.html,Unknown,Unknown,Unknown,245000.0,230.0,1065.2,2026-08-15 06:17
Dubizzle,https://www.olx.com.lb/ad/sheileh-240m2-duplex-new-panoramic-view-prime-ID115625301.html,Unknown,Unknown,Unknown,250000.0,240.0,1041.7,2026-08-15 06:17
Dubizzle,https://www.olx.com.lb/ad/ajaltoun-200m2-luxury-brand-new-mountain-view-ID114845134.html,Unknown,Unknown,Unknown,200000.0,200.0,1000.0,2026-08-15 06:17
Dubizzle,https://www.olx.com.lb/ad/sheileh-250m2-200m2-garden-luxury-private-entrance-catch-ID114758148.html,Unknown,Unknown,Unknown,365000.0,250.0,1460.0,2026-08-15 06:17
Dubizzle,https://www.olx.com.lb/ad/apartment-for-sale-in-awkar-%D8%B4%D9%82%D8%A9-%D9%84%D9%84%D8%A8%D9%8A%D8%B9-%D9%81%D9%8A-%D9%85%D9%86%D8%B7%D9%82%D8%A9-%D8%B9%D9%88%D9%83%D8%B1-cpta131-ID117008045.html,Awkar,El Meten,El Meten,265000.0,240.0,1104.2,2026-08-15 06:17
Dubizzle,https://www.olx.com.lb/ad/apartment-for-sale-in-mar-chaaya-%D8%B4%D9%82%D8%A9-%D9%84%D9%84%D8%A8%D9%8A%D8%B9-%D9%81%D9%8A-%D9%85%D8%A7%D8%B1-%D8%B4%D8%B9%D9%8A%D8%A7-cpsk114-ID116990599.html,Mar Chaaya,El Meten,El Meten,380000.0,200.0,1900.0,2026-08-15 06:17
Dubizzle,https://www.olx.com.lb/ad/ajaltoun-128m2-up-to-137m2-luxury-open-view-new-building-el-ID116983651.html,Unknown,Unknown,Unknown,128000.0,128.0,1000.0,2026-08-15 06:17
Dubizzle,https://www.olx.com.lb/ad/villa-for-sale-in-qanat-bakish-faqra-ID116983482.html,Qanat Beqish,El Meten,El Meten,1800000.0,400.0,4500.0,2026-08-15 06:17
Dubizzle,https://www.olx.com.lb/ad/apartments-for-sale-in-ballouneh-ID116943598.html,Unknown,Unknown,Unknown,180000.0,138.0,1304.3,2026-08-15 06:17
Dubizzle,https://www.olx.com.lb/ad/apartment-for-sale-in-achrafieh-%E2%80%93-cpbmh23-%D8%B4%D9%82%D8%A9-%D9%84%D9%84%D8%A8%D9%8A%D8%B9-%D9%81%D9%8A-%D8%A7%D9%84%D8%A3%D8%B4%D8%B1%D9%81%D9%8A%D8%A9-ID116929683.html,Beirut,Unknown,Unknown,570000.0,170.0,3352.9,2026-08-15 06:17
Dubizzle,https://www.olx.com.lb/ad/apartment-for-sale-in-zakrit-%7C-brand-new---cprd277-ID116928772.html,Zakrit,El Meten,El Meten,220000.0,150.0,1466.7,2026-08-15 06:17
Dubizzle,https://www.olx.com.lb/ad/underconstruction-apartment-for-sale-in-mansourieh-%E2%80%93-cphj13-ID116925184.html,Mansourieh,El Meten,El Meten,220000.0,110.0,2000.0,2026-08-15 06:17
Dubizzle,https://www.olx.com.lb/ad/apartment-with-terrace-for-sale-in-rabieh-ID116909781.html,Rabieh,El Meten,El Meten,975000.0,360.0,2708.3,2026-08-15 06:17
Dubizzle,https://www.olx.com.lb/ad/high-end-240sqm-apartment-with-garden-in-mar-chaaya-ID116894357.html,Mar Chaaya,El Meten,El Meten,400000.0,240.0,1666.7,2026-08-15 06:17
Dubizzle,https://www.olx.com.lb/ad/jal-el-dib-decorated-3-bedrooms-apart-new-building-open-sea-view-ID116861822.html,Jal El Dib,El Meten,El Meten,204900.0,140.0,1463.6,2026-08-15 06:17
Dubizzle,https://www.olx.com.lb/ad/ajaltoun-165m2-30m2-terrace-new-mountainv-view-super-luxurious-ID116810157.html,Unknown,Unknown,Unknown,235000.0,165.0,1424.2,2026-08-15 06:17
Dubizzle,https://www.olx.com.lb/ad/ajaltoun-185m2-luxury-calm-area-excellent-condition-elda-ID116807362.html,Unknown,Unknown,Unknown,125000.0,185.0,675.7,2026-08-15 06:17
Dubizzle,https://www.olx.com.lb/ad/for-sale-luxurious-full-floor-apartment-dbayeh-cprd202-ID116748229.html,Dbaye,El Meten,El Meten,900000.0,420.0,2142.9,2026-08-15 06:17
Dubizzle,https://www.olx.com.lb/ad/invest-now-in-achrafieh-saide-area-1-flat-floor-shared-parking-ID116698154.html,Beirut,Unknown,Unknown,119000.0,88.0,1352.3,2026-08-15 06:17
Dubizzle,https://www.olx.com.lb/ad/ajaltoun-125m2-prime-location-excellent-condition-decorated-to-ID116593724.html,Unknown,Unknown,Unknown,115000.0,125.0,920.0,2026-08-15 06:17
Dubizzle,https://www.olx.com.lb/ad/ajaltoun-160m2-40m2-terrace-well-maintained-da-ID116422197.html,Unknown,Unknown,Unknown,125000.0,160.0,781.2,2026-08-15 06:17
Dubizzle,https://www.olx.com.lb/ad/ajaltoun-190m2-duplex-quiet-street-prime-location-el-ID116381183.html,Unknown,Unknown,Unknown,140000.0,190.0,736.8,2026-08-15 06:17
Dubizzle,https://www.olx.com.lb/ad/lux-decorated-apartment-4-sale-in-ain-el-tine-%D8%B9%D9%8A%D9%86-%D8%A7%D9%84%D8%AA%D9%8A%D9%86%D8%A9-ID116336945.html,Ain Al Tineh,Beirut,Beirut-Other,850000.0,400.0,2125.0,2026-08-15 06:17
Dubizzle,https://www.olx.com.lb/ad/ajaltoun-260m2-designers-signature-view-furnished-el-ID115944063.html,Unknown,Unknown,Unknown,260000.0,260.0,1000.0,2026-08-15 06:17
Dubizzle,https://www.olx.com.lb/ad/gmk502jh-apartment-for-sale-in-achkout-%D8%B4%D9%82%D8%A9-%D9%84%D9%84%D8%A8%D9%8A%D8%B9-%D9%81%D9%8A-%D8%B9%D8%B4%D9%82%D9%88%D8%AA-ID117023631.html,Unknown,Unknown,Unknown,150000.0,125.0,1200.0,2026-08-15 06:17
Dubizzle,https://www.olx.com.lb/ad/villa-for-sale-in-faitroun-%D9%81%D9%8A%D9%84%D8%A7-%D9%84%D9%84%D8%A8%D9%8A%D8%B9-%D9%81%D9%8A-%D9%81%D9%8A%D8%B7%D8%B1%D9%88%D9%86-cpkhs16-ID117016013.html,Unknown,Unknown,Unknown,1800000.0,500.0,3600.0,2026-08-15 06:17
Dubizzle,https://www.olx.com.lb/ad/apartment-furnished-in-heart-of-batroun-%D8%B4%D9%82%D8%A9-%D9%84%D9%84%D8%A8%D9%8A%D8%B9-%D8%A7%D9%84%D8%A8%D8%AA%D8%B1%D9%88%D9%86-cpjgn67-ID116941634.html,Batroun Town,El Batroun,El Batroun,220000.0,145.0,1517.2,2026-08-15 06:17
Dubizzle,https://www.olx.com.lb/ad/under-construction-for-sale-in-rawche%D8%AA%D8%AD%D8%AA-%D8%A7%D9%84%D8%A5%D9%86%D8%B4%D8%A7%D8%A1-%D9%84%D9%84%D8%A8%D9%8A%D8%B9-%D9%81%D9%8A-%D8%A7%D9%84%D8%B1%D9%88%D8%B4%D8%A9-ID116602939.html,Rawche,Beirut,Ras Beyrouth,840000.0,180.0,4666.7,2026-08-15 06:17
Dubizzle,https://www.olx.com.lb/ad/villa-in-safra-for-sale-payment-plan-%D9%81%D9%8A%D9%84%D8%A7-%D9%84%D9%84%D8%A8%D9%8A%D8%B9-pls-26534-a2-ID117016649.html,Unknown,Unknown,Unknown,410000.0,237.0,1730.0,2026-08-15 06:17
Dubizzle,https://www.olx.com.lb/ad/apartment-for-sale-in-achrafieh-%D8%B4%D9%82%D8%A9-%D9%84%D9%84%D8%A8%D9%8A%D8%B9-%D9%81%D9%8A-%D9%85%D9%86%D8%B7%D9%82%D8%A9-%D8%A7%D9%84%D8%A3%D8%B4%D8%B1%D9%81%D9%8A%D8%A9-ID116806948.html,Beirut,Unknown,Unknown,320000.0,91.0,3516.5,2026-08-15 06:17
Dubizzle,https://www.olx.com.lb/ad/studio-for-sale-in-achrafieh-%D8%A7%D8%B3%D8%AA%D9%88%D8%AF%D9%8A%D9%88-%D9%84%D9%84%D8%A8%D9%8A%D8%B9-%D9%81%D9%8A-%D8%A7%D9%84%D8%A3%D8%B4%D8%B1%D9%81%D9%8A%D8%A9-ID116837951.html,Achrafieh,Beirut,Achrafieh,176000.0,44.0,4000.0,2026-08-15 06:17
Dubizzle,https://www.olx.com.lb/ad/high-end-apartment-for-sale-mansourieh-%D8%B4%D9%82%D8%A9-%D8%AF%D9%88%D9%84%D9%83%D8%B3-%D9%84%D9%84%D8%A8%D9%8A%D8%B9-%D8%A7%D9%84%D9%85%D9%86%D8%B5%D9%88%D8%B1%D9%8A%D8%A9-ID116778088.html,Mansourieh,El Meten,El Meten,275000.0,135.0,2037.0,2026-08-15 06:17
Dubizzle,https://www.olx.com.lb/ad/rwb214eg-hot-deal-villa-for-sale-in-okaibeh-keserwan-ID116872041.html,Unknown,Unknown,Unknown,2800000.0,1300.0,2153.8,2026-08-15 06:17
Dubizzle,https://www.olx.com.lb/ad/apartment-for-sale-in-sehaileh-gh394-%D8%B4%D9%82%D8%A9-%D9%84%D9%84%D8%A8%D9%8A%D8%B9-%D9%81%D9%8A-%D8%B3%D9%87%D9%8A%D9%84%D8%A9-ID117010219.html,Unknown,Unknown,Unknown,195000.0,210.0,928.6,2026-08-15 06:17
Dubizzle,https://www.olx.com.lb/ad/rabwe-150-sqm-60-sqm-backyard-terrace-fully-decorated-ID117023506.html,Rabweh,El Meten,El Meten,255000.0,150.0,1700.0,2026-08-15 06:17
Dubizzle,https://www.olx.com.lb/ad/luxury-apartment-for-sale-in-ajaltoun-%D8%B4%D9%82%D8%A9-%D9%81%D8%AE%D9%85%D8%A9-%D9%84%D9%84%D8%A8%D9%8A%D8%B9-%D9%81%D9%8A-%D8%B9%D8%AC%D9%84%D8%AA%D9%88%D9%86-cpkns04-ID116975250.html,Unknown,Unknown,Unknown,335000.0,250.0,1340.0,2026-08-15 06:17
Dubizzle,https://www.olx.com.lb/ad/apartment-with-mountain-view-for-sale-in-daher-el-souwen-%D8%B4%D9%82%D8%A9-%D9%84%D9%84%D8%A8%D9%8A%D8%B9-gs-ID117018135.html,Dahr El Sawan,El Meten,El Meten,94999.0,130.0,730.8,2026-08-15 06:17
Dubizzle,https://www.olx.com.lb/ad/panoramic-view-apartment-for-sale-in-ain-aar-ID117014714.html,Ain Aar,El Meten,El Meten,280000.0,220.0,1272.7,2026-08-15 06:17
Dubizzle,https://www.olx.com.lb/ad/baabdat-catchy-120m%C2%B2-apart-prime-investment-green-surroundings-ID117006398.html,Baabdat,El Meten,El Meten,107900.0,120.0,899.2,2026-08-15 06:17
Dubizzle,https://www.olx.com.lb/ad/under-construction-apartment-in-kfaraabida-%D9%82%D9%8A%D8%AF-%D8%A7%D9%84%D8%A7%D9%86%D8%B4%D8%A7%D8%A1-%D9%83%D9%81%D8%B1%D8%B9%D8%A8%D9%8A%D8%AF%D8%A7cpjak04-ID116996162.html,Kfar Abida,El Batroun,El Batroun,187500.0,165.0,1136.4,2026-08-15 06:17
Dubizzle,https://www.olx.com.lb/ad/under-construction-luxurious-duplex-for-sale-in-kfaraabida-cpjak02-ID116991119.html,Kfar Abida,El Batroun,El Batroun,380000.0,225.0,1688.9,2026-08-15 06:17
Dubizzle,https://www.olx.com.lb/ad/under-construction-apartments-for-sale-in-achrafieh-%D8%A7%D9%84%D8%A3%D8%B4%D8%B1%D9%81%D9%8A%D8%A9-mm8-ID116973538.html,Beirut,Unknown,Unknown,310000.0,102.0,3039.2,2026-08-15 06:17
Dubizzle,https://www.olx.com.lb/ad/apartment-for-sale-in-baabda-%D8%B4%D9%82%D8%A9-%D9%84%D9%84%D8%A8%D9%8A%D8%B9-%D9%81%D9%8A-%D8%A8%D8%B9%D8%A8%D8%AF%D8%A7-cpch42-ID116938428.html,Baabda Town,Baabda,Baabda,230000.0,170.0,1352.9,2026-08-15 06:17
Dubizzle,https://www.olx.com.lb/ad/hot-deal%2C-3-bedroom-apartment%2Cforn-el-chebbak--%D8%B4%D9%82%D8%A9-%D9%84%D9%84%D8%A8%D9%8A%D8%B9-%D9%81%D9%8A-%D9%81%D8%B1%D9%86-%D8%A7%D9%84%D8%B4%D8%A8%D8%A7%D9%83-ID116932468.html,Furn El Chebbak,Baabda,Baabda,157000.0,145.0,1082.8,2026-08-15 06:17
Dubizzle,https://www.olx.com.lb/ad/bolonia-mrouj-%7C-furnished-decorated-75m%C2%B2-flat-%2B-115m%C2%B2-garden-terrace-ID116914069.html,Mrouj,El Meten,El Meten,124900.0,190.0,657.4,2026-08-15 06:17
Dubizzle,https://www.olx.com.lb/ad/brand-new-apartment-for-sale-in-brazilia-cpdd07-ID116629043.html,Baabda Town,Baabda,Baabda,600000.0,220.0,2727.3,2026-08-15 06:17
Dubizzle,https://www.olx.com.lb/ad/furnished-apartment-for-sale-in-hadath-cpdd65-ID116612759.html,Baabda Town,Baabda,Baabda,450000.0,270.0,1666.7,2026-08-15 06:17
Dubizzle,https://www.olx.com.lb/ad/appartment-for-sale-in-koura---%D8%B4%D9%82%D8%A9-%D9%84%D9%84%D8%A8%D9%8A%D8%B9-%D9%81%D9%8A-%D9%83%D9%88%D8%B1%D8%A7-ID116933206.html,Other in Koura,El Koura,El Koura,120000.0,135.0,888.9,2026-08-15 06:17
Dubizzle,https://www.olx.com.lb/ad/payment-facilities-u-c-255m2-apartment-4sale-in-kousbakoura-%D9%83%D9%88%D8%B3%D8%A8%D8%A7-ID116883883.html,Kousba,El Koura,El Koura,216750.0,255.0,850.0,2026-08-15 06:17
Dubizzle,https://www.olx.com.lb/ad/170m2-apartment-4sale-in-kourakfaraakka-%D8%B4%D9%82%D8%A9-%D9%84%D9%84%D8%A8%D9%8A%D8%B9-%D9%81%D9%8A-%D8%A7%D9%84%D9%83%D9%88%D8%B1%D8%A9-ID116827566.html,Kfaraakka,El Koura,El Koura,145000.0,170.0,852.9,2026-08-15 06:17
Dubizzle,https://www.olx.com.lb/ad/3-bedroom-apartment-4sale-in-kousbakoura-%D8%B4%D9%82%D8%A9-%D9%84%D9%84%D8%A8%D9%8A%D8%B9-%D9%81%D9%8A-%D9%83%D9%88%D8%B3%D8%A8%D8%A7-ID116743432.html,Kousba,El Koura,El Koura,97000.0,140.0,692.9,2026-08-15 06:17
Dubizzle,https://www.olx.com.lb/ad/furnished-153m2-housegarden-4sale-in-koura-%D9%85%D9%86%D8%B2%D9%84-%D9%84%D9%84%D8%A8%D9%8A%D8%B9-%D9%81%D9%8A-%D8%A7%D9%84%D9%83%D9%88%D8%B1%D8%A9-ID116695482.html,Other in Koura,El Koura,El Koura,140000.0,153.0,915.0,2026-08-15 06:17
Dubizzle,https://www.olx.com.lb/ad/285m2-apartment-4sale-in-jbeil-near-hospital-notre-dame-maritim-%D8%AC%D8%A8%D9%8A%D9%84-ID116644732.html,Jbeil Town,Jbeil,Jbeil,330000.0,285.0,1157.9,2026-08-15 06:17
Dubizzle,https://www.olx.com.lb/ad/3-bedroom-apartmentterracemountain-view-4sale-in-kousbakoura-ID116643559.html,Kousba,El Koura,El Koura,123000.0,155.0,793.5,2026-08-15 06:17
Dubizzle,https://www.olx.com.lb/ad/2-bedroom-apartmentterrace-4sale-in-bsarmakoura-%D8%B4%D9%82%D8%A9-%D9%84%D9%84%D8%A8%D9%8A%D8%B9-%D9%81%D9%8A-%D8%A8%D8%B5%D8%B1%D9%85%D8%A7-ID116643538.html,Bsarma,El Koura,El Koura,85000.0,105.0,809.5,2026-08-15 06:17
Dubizzle,https://www.olx.com.lb/ad/gmk501jh-apartment-for-sale-in-rayfoun-%D8%B4%D9%82%D8%A9-%D9%84%D9%84%D8%A8%D9%8A%D8%B9-%D9%81%D9%8A-%D8%B1%D9%8A%D9%81%D9%88%D9%86-ID117023599.html,Unknown,Unknown,Unknown,200000.0,200.0,1000.0,2026-08-15 06:17
Dubizzle,https://www.olx.com.lb/ad/gmk500jh-apartment-for-sale-in-achkout-%D8%B4%D9%82%D8%A9-%D9%84%D9%84%D8%A8%D9%8A%D8%B9-%D9%81%D9%8A-%D8%B9%D8%B4%D9%82%D9%88%D8%AA-ID117023541.html,Unknown,Unknown,Unknown,190000.0,135.0,1407.4,2026-08-15 06:17
Dubizzle,https://www.olx.com.lb/ad/high-end-garden-apartment-for-sale-in-aaitat-aley-sea-city-view-ID117007446.html,Aaitat,Aley,Aley,140000.0,150.0,933.3,2026-08-15 06:17
Dubizzle,https://www.olx.com.lb/ad/a-decorated-310-m2-duplex-apartment-30-m2-terrace-for-sale-in-hazmieh-ID116971947.html,Hazmieh,Baabda,Baabda,490000.0,310.0,1580.6,2026-08-15 06:17
Dubizzle,https://www.olx.com.lb/ad/lux-260m2-apartment-4sale-in-ramlet-el-bayda-%D8%B4%D9%82%D8%A9-%D9%81%D9%8A-%D8%B1%D9%85%D9%84%D8%A9-%D8%A7%D9%84%D8%A8%D9%8A%D8%B6%D8%A7-ID116887185.html,Ramlet el Bayda,Beirut,Moussaytbeh,850000.0,260.0,3269.2,2026-08-15 06:17
Dubizzle,https://www.olx.com.lb/ad/2-bedroom-apartment-4sale-in-ain-el-remaneh-%D8%B4%D9%82%D8%A9-%D9%84%D9%84%D8%A8%D9%8A%D8%B9-%D9%81%D9%8A-%D8%B9%D9%8A%D9%86-%D8%A7%D9%84%D8%B1%D9%85%D8%A7%D9%86%D8%A9-ID116866861.html,Ain El Remmaneh,Baabda,Baabda,115000.0,120.0,958.3,2026-08-15 06:17
Dubizzle,https://www.olx.com.lb/ad/aatchaneh-115m2210m2-under-construction-gated-community-tch-ID116845861.html,Aatchane,El Meten,El Meten,180000.0,115.0,1565.2,2026-08-15 06:17
Dubizzle,https://www.olx.com.lb/ad/u-c-170m2-apartment-with-payment-facilities-4sale-in-antelias-%D8%A3%D9%86%D8%B7%D9%84%D9%8A%D8%A7%D8%B3-ID116827582.html,Antelias,El Meten,El Meten,272000.0,170.0,1600.0,2026-08-15 06:17
Dubizzle,https://www.olx.com.lb/ad/lux-prime-location-65m2-storageparkingpayment-facilities-larnaca-ID116648663.html,International,Unknown,Unknown,155000.0,65.0,2384.6,2026-08-15 06:17
Dubizzle,https://www.olx.com.lb/ad/apartment-for-sale-in-mansourieh-new-ref-ad163-ID116961642.html,Mansourieh,El Meten,El Meten,155000.0,130.0,1192.3,2026-08-15 06:17
Dubizzle,https://www.olx.com.lb/ad/apartment-for-sale-in-baouchrieh-ref-mc117-ID116943974.html,Sad El Baouchriyeh,El Meten,El Meten,120000.0,93.0,1290.3,2026-08-15 06:17
Dubizzle,https://www.olx.com.lb/ad/high-end-apartments-for-sale-in-bsalim-ID117008672.html,Bsalim,El Meten,El Meten,380000.0,275.0,1381.8,2026-08-15 06:17
Dubizzle,https://www.olx.com.lb/ad/apartment-for-sale-in-jiyyeh-az-%D8%B4%D9%82%D8%A9-%D9%84%D9%84%D8%A8%D9%8A%D8%B9-%D9%81%D9%8A-%D8%AC%D9%8A%D8%A9-ID117022722.html,Jiyyeh,Chouf,Chouf,100000.0,138.0,724.6,2026-08-15 06:17
Dubizzle,https://www.olx.com.lb/ad/villa-for-sale-in-safra-minutes-from-jbeil-%D9%81%D9%8A%D9%84%D8%A7-%D9%84%D9%84%D8%A8%D9%8A%D8%B9-pls-26534-i2-ID117016633.html,Unknown,Unknown,Unknown,315000.0,163.0,1932.5,2026-08-15 06:17
Dubizzle,https://www.olx.com.lb/ad/luxurious-250sqm-apartment-for-sale-in-baabda-ID117021296.html,Baabda Town,Baabda,Baabda,590000.0,250.0,2360.0,2026-08-15 06:17
Dubizzle,https://www.olx.com.lb/ad/lux-furnished-duplex-4-sale-in-tallet-el-khayat-beirut-%D8%AA%D9%84%D8%A9-%D8%A7%D9%84%D8%AE%D9%8A%D8%A7%D8%B7-ID116376034.html,Tallet el Khayat,Beirut,Moussaytbeh,1300000.0,450.0,2888.9,2026-08-15 06:17
Dubizzle,https://www.olx.com.lb/ad/apartment-for-sale-at-new-shaileh-%D8%B4%D9%82%D8%A9-%D9%84%D9%84%D8%A8%D9%8A%D8%B9-%D9%86%D9%8A%D9%88-%D8%B3%D9%87%D9%8A%D9%84%D8%A9-ID116959840.html,Unknown,Unknown,Unknown,480000.0,360.0,1333.3,2026-08-15 06:17
Dubizzle,https://www.olx.com.lb/ad/apartment-for-sale-in-bhamdoun%2C-aley-%2F-%D8%B4%D9%82%D8%A9-%D9%84%D9%84%D8%A8%D9%8A%D8%B9-%D9%81%D9%8A-%D8%A8%D8%AD%D9%85%D8%AF%D9%88%D9%86-ID116933052.html,Apartment For Sale In Bhamdoun,Aley,Aley,150000.0,165.0,909.1,2026-08-15 06:17
Dubizzle,https://www.olx.com.lb/ad/apartment-for-sale-in-hamra-%D8%B4%D9%82%D8%A9-%D9%84%D9%84%D8%A8%D9%8A%D8%B9-%D9%81%D9%8A-%D8%A7%D9%84%D8%AD%D9%85%D8%B1%D8%A7-ID117018997.html,Hamra,Beirut,Ras Beyrouth,275000.0,170.0,1617.6,2026-08-15 06:17
Dubizzle,https://www.olx.com.lb/ad/high-end-apartment-for-sale-%D8%B4%D9%82%D8%A9-%D9%81%D8%AE%D9%85%D8%A9-%D9%84%D9%84%D8%A8%D9%8A%D8%B9-%D8%B4%D8%A7%D8%B1%D8%B9-%D8%A8%D9%84%D8%B3-ID116828854.html,Ras Beirut,Beirut,Ras Beyrouth,750000.0,220.0,3409.1,2026-08-15 06:17
Dubizzle,https://www.olx.com.lb/ad/apartment-for-sale-in-dbayeh-%D8%B4%D9%82%D8%A9-%D9%84%D9%84%D8%A8%D9%8A%D8%B9-%D9%81%D9%8A-%D8%B6%D8%A8%D9%8A%D8%A9-ID116995545.html,Dbaye,El Meten,El Meten,200000.0,155.0,1290.3,2026-08-15 06:17
Dubizzle,https://www.olx.com.lb/ad/110m-2bedroom-gf-apartment15m-terrace-achrafieh-sassine-kataeb-beirut-ID116086286.html,Beirut,Unknown,Unknown,170000.0,110.0,1545.5,2026-08-15 06:17
Dubizzle,https://www.olx.com.lb/ad/ghosta-%7C-875%24%2Fm%C2%B2-%7C-brand-new-3-bedrooms-apartment-%7C-open-sea-%26-mountain-view-%7C-3-parking-ID116904270.html,Unknown,Unknown,Unknown,128900.0,160.0,805.6,2026-08-15 06:17
Dubizzle,https://www.olx.com.lb/ad/brand-new-3-bedroom-apartmentmountain-view-4sale-in-aamchit-%D8%B9%D9%85%D8%B4%D9%8A%D8%AA-ID116877484.html,Aamchit,Jbeil,Jbeil,94000.0,143.0,657.3,2026-08-15 06:17
Dubizzle,https://www.olx.com.lb/ad/furnished-160-m2-apartmentcity-view-4sale-in-sabtieh-%D8%B4%D9%82%D8%A9-%D9%81%D9%8A-%D8%A7%D9%84%D8%B3%D8%A8%D8%AA%D9%8A%D8%A9-ID116834464.html,Sabtieh,El Meten,El Meten,145000.0,160.0,906.2,2026-08-15 06:17
Dubizzle,https://www.olx.com.lb/ad/apartment-for-sale-in-hazmieh-new-mar-takla-cpmk126-ID116468612.html,Hazmieh,Baabda,Baabda,525000.0,245.0,2142.9,2026-08-15 06:17
Dubizzle,https://www.olx.com.lb/ad/zandouka-brand-new-decorated-130m2-backyard-garden-open-view-ID116381998.html,Zandouka,El Meten,El Meten,159000.0,165.0,963.6,2026-08-15 06:17
Dubizzle,https://www.olx.com.lb/ad/zikrit-brand-new-3-bedroom-apt-1-apart-per-floor-huge-balcony-ID117010081.html,Zakrit,El Meten,El Meten,210000.0,170.0,1235.3,2026-08-15 06:17
Dubizzle,https://www.olx.com.lb/ad/2-bedrooms-apartment-for-sale-located-in-kfarchima-baabda-ID117008110.html,located in Kfarchima,Baabda,Baabda,160000.0,135.0,1185.2,2026-08-15 06:17
Dubizzle,https://www.olx.com.lb/ad/apartment-for-sale-in-mansourieh-%D8%B4%D9%82%D8%A9-%D9%84%D9%84%D8%A8%D9%8A%D8%B9-%D9%81%D9%8A-%D8%A7%D9%84%D9%85%D9%86%D8%B5%D9%88%D8%B1%D9%8A%D8%A9-%D8%AA%D8%B1%D8%A7%D8%B3-ID117002678.html,Mansourieh,El Meten,El Meten,250000.0,215.0,1162.8,2026-08-15 06:17
Dubizzle,https://www.olx.com.lb/ad/110-sqm-apartment-for-sale-amchit-jbeil-%D8%B4%D9%82%D8%A9-%D9%84%D9%84%D8%A8%D9%8A%D8%B9-cm559128-ID116982197.html,Aamchit,Jbeil,Jbeil,79000.0,110.0,718.2,2026-08-15 06:17
Dubizzle,https://www.olx.com.lb/ad/payment-facilities-2-bedroom-apartment-4salesea-view-in-jbeil-%D8%AC%D8%A8%D9%8A%D9%84-ID116868852.html,Jbeil Town,Jbeil,Jbeil,120000.0,105.0,1142.9,2026-08-15 06:17
Dubizzle,https://www.olx.com.lb/ad/lux-152m2-apartmentgardenterracesea-view-4sale-in-halat-%D8%AD%D8%A7%D9%84%D8%A7%D8%AA-ID116758468.html,Halat,Jbeil,Jbeil,199000.0,225.0,884.4,2026-08-15 06:17
Dubizzle,https://www.olx.com.lb/ad/338m2-apartmentgardensea-view-4sale-in-beit-misk%D8%B4%D9%82%D8%A9-%D9%84%D9%84%D8%A8%D9%8A%D8%B9-%D9%81%D9%8A-%D8%A8%D9%8A%D8%AA-%D9%85%D8%B3%D9%83-ID116622557.html,Beit Misk,El Meten,El Meten,850000.0,338.0,2514.8,2026-08-15 06:17
Dubizzle,https://www.olx.com.lb/ad/prime-location-payment-facilities-flatterrace-4-sale-in-baabdat-ID116561952.html,Baabdat,El Meten,El Meten,320000.0,250.0,1280.0,2026-08-15 06:17
Dubizzle,https://www.olx.com.lb/ad/135m2-apartmentprime-location4sale-in-batroun-%D8%B4%D9%82%D8%A9-%D9%84%D9%84%D8%A8%D9%8A%D8%B9-%D9%81%D9%8A-%D8%A7%D9%84%D8%A8%D8%AA%D8%B1%D9%88%D9%86-ID116519761.html,Batroun Town,El Batroun,El Batroun,145000.0,135.0,1074.1,2026-08-15 06:17
Dubizzle,https://www.olx.com.lb/ad/apartment-for-sale-in-dibbiyeh-near-bau-%D8%A7%D9%84%D8%AF%D8%A8%D9%8A%D8%A9-ID117022688.html,Dibbiyeh,Chouf,Chouf,82000.0,125.0,656.0,2026-08-15 06:17
Dubizzle,https://www.olx.com.lb/ad/apartment-for-sale-in-achrafieh-ID117021928.html,Beirut,Unknown,Unknown,840000.0,200.0,4200.0,2026-08-15 06:17
Dubizzle,https://www.olx.com.lb/ad/hot-deal-for-investors-2bd-needs-renovation-ID117010523.html,Beirut,Unknown,Unknown,115000.0,90.0,1277.8,2026-08-15 06:17
Dubizzle,https://www.olx.com.lb/ad/250-m2-lux-duplex-270-m2-ext-open-sea-mountain-view-4sale-in-kfarhbab-ID117007094.html,Unknown,Unknown,Unknown,470000.0,390.0,1205.1,2026-08-15 06:17
Dubizzle,https://www.olx.com.lb/ad/exceptional-sahel-alma-luxurious-apartment-panoramic-sea-view-4sale-ID117007064.html,Unknown,Unknown,Unknown,999000.0,550.0,1816.4,2026-08-15 06:17
Dubizzle,https://www.olx.com.lb/ad/exclusive-adma-luxurious-decorated-apartment-open-sea-view-for-sale-ID117007049.html,Unknown,Unknown,Unknown,599000.0,260.0,2303.8,2026-08-15 06:17
Dubizzle,https://www.olx.com.lb/ad/adma-new-project-under-construction-apartments-for-sale-ID117007008.html,Unknown,Unknown,Unknown,625000.0,240.0,2604.2,2026-08-15 06:17
Dubizzle,https://www.olx.com.lb/ad/3-bedroom-apartment-for-sale-in-badaro-ID117004210.html,Badaro,Beirut,Mazraa,375000.0,175.0,2142.9,2026-08-15 06:17
Dubizzle,https://www.olx.com.lb/ad/prime-240-sqm-apartment-for-sale-in-sakiyet-al-janzeer-ID117003693.html,sakiet al janzeer,Beirut,Beirut-Other,480000.0,240.0,2000.0,2026-08-15 06:17
Dubizzle,https://www.olx.com.lb/ad/%D8%B4%D9%82%D8%A9-3-%D9%86%D9%88%D9%85-%D8%A8%D9%82%D9%84%D8%A8-%D9%83%D8%A7%D8%B1%D8%A7%D9%83%D8%A7%D8%B3-ID117000930.html,caracas,Beirut,Ras Beyrouth,420000.0,150.0,2800.0,2026-08-15 06:17
Dubizzle,https://www.olx.com.lb/ad/apartment-for-sale-in-bsaba-ref-ml140-ID116995279.html,Bsaba,Baabda,Baabda,149000.0,200.0,745.0,2026-08-15 06:17
Dubizzle,https://www.olx.com.lb/ad/apertments-for-sale-underconstraction-jedeyel-amchit-jbeil-sea-view-ID116985081.html,Aamchit,Jbeil,Jbeil,250000.0,220.0,1136.4,2026-08-15 06:17
Dubizzle,https://www.olx.com.lb/ad/mountain-view-apartment-in-blaybel-ref-md101-credit-facilities-ID116933986.html,Blaybel,Baabda,Baabda,110000.0,117.0,940.2,2026-08-15 06:17
Dubizzle,https://www.olx.com.lb/ad/apartments-for-sale-jbeil-town-ID116938249.html,Jbeil Town,Jbeil,Jbeil,230000.0,165.0,1393.9,2026-08-15 06:17
Dubizzle,https://www.olx.com.lb/ad/apartment-for-sale-in-jbeil-town-ID116898640.html,Jbeil Town,Jbeil,Jbeil,215000.0,215.0,1000.0,2026-08-15 06:17
Dubizzle,https://www.olx.com.lb/ad/apartment-for-sale-in-blat-ID116744034.html,Blat,Jbeil,Jbeil,105000.0,120.0,875.0,2026-08-15 06:17
Dubizzle,https://www.olx.com.lb/ad/apartment-for-sale-in-kfarhbab-with-payment-facilities.-ID116914722.html,Unknown,Unknown,Unknown,255000.0,170.0,1500.0,2026-08-15 06:17
Dubizzle,https://www.olx.com.lb/ad/rabwe-220-sqm-150-sqm-garden-fully-decorated-and-semi-furnished-ID116975258.html,Rabweh,El Meten,El Meten,385000.0,220.0,1750.0,2026-08-15 06:17
Dubizzle,https://www.olx.com.lb/ad/jeita-165m2-fully-upgraded-decorated-panoramic-sea-view-el-ID116798364.html,Unknown,Unknown,Unknown,220000.0,165.0,1333.3,2026-08-15 06:17
Dubizzle,https://www.olx.com.lb/ad/150-sqm-apartment-for-sale-in-atchaneh-%D8%B9%D8%B7%D8%B4%D8%A7%D9%86%D8%A9-with-70-sqm-terrace-ID116952968.html,Aatchane,El Meten,El Meten,148000.0,150.0,986.7,2026-08-15 06:17
Dubizzle,https://www.olx.com.lb/ad/ballouneh-215m2-25m2-terrace-high-end-sea-view-prime-location-ID115332146.html,Unknown,Unknown,Unknown,240000.0,215.0,1116.3,2026-08-15 06:17
Dubizzle,https://www.olx.com.lb/ad/rare-batroun-old-town-gem-%D8%AC%D9%88%D9%87%D8%B1%D8%A9-%D9%86%D8%A7%D8%AF%D8%B1%D8%A9-%D9%81%D9%8A-%D8%A8%D9%84%D8%AF%D8%A9-%D8%A7%D9%84%D8%A8%D8%AA%D8%B1%D9%88%D9%86-%D8%A7%D9%84%D9%82%D8%AF%D9%8A%D9%85%D8%A9-ID116951615.html,Batroun Town,El Batroun,El Batroun,295000.0,80.0,3687.5,2026-08-15 06:17
Dubizzle,https://www.olx.com.lb/ad/apartment-for-sale-in-fanar-%D8%B4%D9%82%D8%A9-%D9%84%D9%84%D8%A8%D9%8A%D8%B9-%D9%81%D9%8A-%D8%A7%D9%84%D9%81%D9%86%D8%A7%D8%B1-ID116694246.html,Fanar,El Meten,El Meten,260000.0,170.0,1529.4,2026-08-15 06:17
Dubizzle,https://www.olx.com.lb/ad/sheileh-450m2-villa-500m2-gardens-furnished-super-luxury-tyt-ID116969214.html,Unknown,Unknown,Unknown,850000.0,450.0,1888.9,2026-08-15 06:17
Dubizzle,https://www.olx.com.lb/ad/appartment-for-sale-in-blat-jbeil-ID116828191.html,Blat,Jbeil,Jbeil,129000.0,145.0,889.7,2026-08-15 06:17
Dubizzle,https://www.olx.com.lb/ad/apartment-for-sale-in-daychounieh-jt39-%D8%B4%D9%82%D8%A9-%D9%85%D9%81%D8%B1%D9%88%D8%B4%D8%A9-%D9%84%D9%84%D8%A8%D9%8A%D8%B9-%D9%81%D9%8A-%D8%AF%D8%A7%D9%8A%D8%B4%D9%88%D9%86%D9%8A%D9%87-ID116703615.html,Daychounieh,El Meten,El Meten,165000.0,140.0,1178.6,2026-08-15 06:17
Dubizzle,https://www.olx.com.lb/ad/brand-new-apartments-full-sea-moutain-view-ID117022815.html,Unknown,Unknown,Unknown,210000.0,145.0,1448.3,2026-08-15 06:17
Dubizzle,https://www.olx.com.lb/ad/apartment-for-sale-in-zalka-%D8%B4%D9%82%D8%A9-%D9%84%D9%84%D8%A8%D9%8A%D8%B9-%D9%81%D9%8A-%D8%A7%D9%84%D8%B2%D9%84%D9%82%D8%A7-ID116308877.html,Zalka,El Meten,El Meten,260000.0,200.0,1300.0,2026-08-15 06:17
Dubizzle,https://www.olx.com.lb/ad/apartment-for-sale-in-achrafieh-%D8%B4%D9%82%D8%A9-%D9%84%D9%84%D8%A8%D9%8A%D8%B9-%D9%81%D9%8A-%D8%A7%D9%84%D8%A3%D8%B4%D8%B1%D9%81%D9%8A%D8%A9-ID116261165.html,Beirut,Unknown,Unknown,700000.0,290.0,2413.8,2026-08-15 06:17
Dubizzle,https://www.olx.com.lb/ad/duplex-for-sale-in-mtayleb-ID116234427.html,Mtayleb,El Meten,El Meten,550000.0,220.0,2500.0,2026-08-15 06:17
Dubizzle,https://www.olx.com.lb/ad/villa-for-sale-in-monteverde-3600k-%D9%81%D9%8A%D9%84%D8%A7-%D9%84%D9%84%D8%A8%D9%8A%D8%B9-%D9%81%D9%8A-%D9%85%D9%86%D8%AA%D9%8A%D9%81%D8%B1%D8%AF%D9%8A-%D9%A3%D9%A6%D9%A0%D9%A0%D9%A0%D9%A0%D9%A0-ID115847474.html,Monteverde,El Meten,El Meten,3600000.0,2400.0,1500.0,2026-08-15 06:17
Dubizzle,https://www.olx.com.lb/ad/apartment-for-sale-in-tilal-bhersaf-%D8%B4%D9%82%D8%A9-%D9%84%D9%84%D8%A8%D9%8A%D8%B9-%D9%81%D9%8A-%D8%AA%D9%84%D8%A7%D9%84-%D8%A8%D8%AD%D8%B1%D8%B5%D8%A7%D9%81-ID116269921.html,Bhorsaf,El Meten,El Meten,375000.0,312.0,1201.9,2026-08-15 06:17
Dubizzle,https://www.olx.com.lb/ad/villa-for-sale-in-beit-misk-%D9%81%D9%8A%D9%84%D8%A7-%D9%84%D9%84%D8%A8%D9%8A%D8%B9-%D9%81%D9%8A-%D8%A8%D9%8A%D8%AA-%D9%85%D8%B3%D9%83-ID116823036.html,Beit Misk,El Meten,El Meten,1500000.0,810.0,1851.9,2026-08-15 06:17
Dubizzle,https://www.olx.com.lb/ad/duplex-for-sale-in-baabdet-%D8%AF%D9%88%D8%A8%D9%84%D9%83%D8%B3-%D9%84%D9%84%D8%A8%D9%8A%D8%B9-%D9%81%D9%8A-%D8%A8%D8%B9%D8%A8%D8%AF%D8%A7%D8%AA-ID116260804.html,Baabdat,El Meten,El Meten,400000.0,400.0,1000.0,2026-08-15 06:17
Dubizzle,https://www.olx.com.lb/ad/duplex-for-sale-in-broumana-%D8%AF%D9%88%D8%A8%D9%84%D9%83%D8%B3-%D9%84%D9%84%D8%A8%D9%8A%D8%B9-%D9%81%D9%8A-%D8%A8%D8%B1%D9%85%D8%A7%D9%86%D8%A7-ID116223424.html,Broummana,El Meten,El Meten,750000.0,600.0,1250.0,2026-08-15 06:17
Dubizzle,https://www.olx.com.lb/ad/villa-for-sale-in-monteverde%D9%81%D9%8A%D9%84%D8%A7-%D9%84%D9%84%D8%A8%D9%8A%D8%B9-%D9%81%D9%8A-%D8%A7%D9%84%D9%85%D9%86%D8%AA%D9%8A%D9%81%D8%B1%D8%AF%D9%8A-%D9%A1%D9%A6%D9%A0%D9%A0%D9%A0%D9%A0%D9%A0-ID116043621.html,Monteverde,El Meten,El Meten,1700000.0,1000.0,1700.0,2026-08-15 06:17
Dubizzle,https://www.olx.com.lb/ad/apartment-for-sale-in-jdeideh-%D8%B4%D9%82%D8%A9-%D9%84%D9%84%D8%A8%D9%8A%D8%B9-%D9%81%D9%8A-%D8%A7%D9%84%D8%AC%D8%AF%D9%8A%D8%AF%D8%A9-ID117021933.html,Jdaide,El Meten,El Meten,165000.0,130.0,1269.2,2026-08-15 06:17
Dubizzle,https://www.olx.com.lb/ad/apartment-for-sale-in-achrafieh-ID117021911.html,Beirut,Unknown,Unknown,390000.0,100.0,3900.0,2026-08-15 06:17
Dubizzle,https://www.olx.com.lb/ad/800-m%C2%B2-furnished-triplex-villa-panoramic-sea-view-4sale-in-chnaniir-ID117007140.html,Unknown,Unknown,Unknown,1190000.0,800.0,1487.5,2026-08-15 06:17
Dubizzle,https://www.olx.com.lb/ad/700-m%C2%B2-lux-penthouse-panoramic-sea-view-terraces-4sale-sahel-aalma-ID117007128.html,Unknown,Unknown,Unknown,750000.0,700.0,1071.4,2026-08-15 06:17
Dubizzle,https://www.olx.com.lb/ad/luxury-living-l-modern-3-bedroom-apartment-in-hazmieh-ID117006281.html,Hazmieh,Baabda,Baabda,320000.0,160.0,2000.0,2026-08-15 06:17
Dubizzle,https://www.olx.com.lb/ad/4-master-bedroom-apartment-in-saifi-ID117003433.html,Saifi,Beirut,Saifeh,1350000.0,350.0,3857.1,2026-08-15 06:17
Dubizzle,https://www.olx.com.lb/ad/great-deal-l-luxurious-500-sqm-villa-in-bhamdoun-ID117002313.html,Bhamdoun,Aley,Aley,400000.0,500.0,800.0,2026-08-15 06:17
Dubizzle,https://www.olx.com.lb/ad/apartment-2-parking-spaces-4-sale-in-adliyeh-%D8%B4%D9%82%D8%A9-%D9%84%D9%84%D8%A8%D9%8A%D8%B9-%D9%81%D9%8A-%D8%A7%D9%84%D8%B9%D8%AF%D9%84%D9%8A%D8%A9-ID116959797.html,Adlieh,Beirut,Achrafieh,410000.0,182.0,2252.7,2026-08-15 06:17
Dubizzle,https://www.olx.com.lb/ad/payment-facility-prime-location-unblockable-view-ref-jz112-ID116956892.html,Louaizeh,Baabda,Baabda,290000.0,149.0,1946.3,2026-08-15 06:17
Dubizzle,https://www.olx.com.lb/ad/apartment-for-sale-in-ain-saadeh-ref%23jf109-%D8%B4%D9%82%D8%A9-%D9%84%D9%84%D8%A8%D9%8A%D8%B9-%D9%81%D9%8A-%D8%B9%D9%8A%D9%86-%D8%B3%D8%B9%D8%A7%D8%AF%D8%A9-ID116925544.html,Ain Saadeh,El Meten,El Meten,200000.0,220.0,909.1,2026-08-15 06:17
Dubizzle,https://www.olx.com.lb/ad/3-bedroom-furnishedterracegardenpoolview-4sale-in-batroun-%D8%A7%D9%84%D8%A8%D8%AA%D8%B1%D9%88%D9%86-ID116600108.html,Batroun Town,El Batroun,El Batroun,480000.0,757.0,634.1,2026-08-15 06:17
Dubizzle,https://www.olx.com.lb/ad/villa-for-sale-in-broumana-%D9%81%D9%8A%D9%84%D8%A7-%D9%84%D9%84%D8%A8%D9%8A%D8%B9-%D9%81%D9%8A-%D8%A8%D8%B1%D9%85%D8%A7%D9%86%D8%A7-ID116511465.html,Baabdat,El Meten,El Meten,850000.0,600.0,1416.7,2026-08-15 06:17
Dubizzle,https://www.olx.com.lb/ad/apartment-for-sale-in-mansourieh-%D8%B4%D9%82%D8%A9-%D9%84%D9%84%D8%A8%D9%8A%D8%B9-%D9%81%D9%8A-%D8%A7%D9%84%D9%85%D9%86%D8%B5%D9%88%D8%B1%D9%8A%D8%A9-ID116462248.html,Mansourieh,El Meten,El Meten,190000.0,115.0,1652.2,2026-08-15 06:17
Dubizzle,https://www.olx.com.lb/ad/villa-for-sale-in-baabdet-%D9%81%D9%8A%D9%84%D8%A7-%D9%84%D9%84%D8%A8%D9%8A%D8%B9-%D9%81%D9%8A-%D8%A8%D8%B9%D8%A8%D8%AF%D8%A7%D8%AA-ID116260776.html,Baabdat,El Meten,El Meten,1500000.0,1750.0,857.1,2026-08-15 06:17
Dubizzle,https://www.olx.com.lb/ad/villa-for-sale-in-baabdet-chamis-%D9%81%D9%8A%D9%84%D8%A7-%D9%84%D9%84%D8%A8%D9%8A%D8%B9-%D9%81%D9%8A-%D8%A8%D8%B9%D8%A8%D8%AF%D8%A7%D8%AA-%D8%A7%D9%84%D8%B4%D9%85%D9%8A%D8%B3-ID116229763.html,Baabdat,El Meten,El Meten,1600000.0,1500.0,1066.7,2026-08-15 06:17
Dubizzle,https://www.olx.com.lb/ad/villa-for-sale-in-mansourieh-%D9%81%D9%8A%D9%84%D8%A7-%D9%84%D9%84%D8%A8%D9%8A%D8%B9-%D9%81%D9%8A-%D8%A7%D9%84%D9%85%D9%86%D8%B5%D9%88%D8%B1%D9%8A%D8%A9-ID116214949.html,Mansourieh,El Meten,El Meten,1500000.0,780.0,1923.1,2026-08-15 06:17
Dubizzle,https://www.olx.com.lb/ad/villa-for-sale-in-kartaba-%D9%81%D9%8A%D9%84%D8%A7-%D9%84%D9%84%D8%A8%D9%8A%D8%B9-%D9%81%D9%8A-%D9%82%D8%B1%D8%B7%D8%A8%D8%A7-ID116855667.html,Laqlouq,Jbeil,Jbeil,1200000.0,1500.0,800.0,2026-08-15 06:17
Dubizzle,https://www.olx.com.lb/ad/brand-new-apartment-%2B-mountain-view%2Bgarden-4-sale-in-broumana---%D8%A8%D8%B1%D9%85%D8%A7%D9%86%D8%A7-ID116932130.html,Broummana,El Meten,El Meten,340000.0,180.0,1888.9,2026-08-15 06:17
Dubizzle,https://www.olx.com.lb/ad/sheileh-117m2-under-construction-payment-facilities-ga-ID116457027.html,Unknown,Unknown,Unknown,125000.0,117.0,1068.4,2026-08-15 06:17
Dubizzle,https://www.olx.com.lb/ad/hot-deal-apartment-in-sarbe-open-mountain-seaview-prime-location-%D8%B5%D8%B1%D8%A8%D8%A7-ID116939250.html,Unknown,Unknown,Unknown,165000.0,185.0,891.9,2026-08-15 06:17
Dubizzle,https://www.olx.com.lb/ad/apartment-for-sale-in-fanar-%D8%B4%D9%82%D8%A9-%D9%84%D9%84%D8%A8%D9%8A%D8%B9-%D9%81%D9%8A-%D8%A7%D9%84%D9%81%D9%86%D8%A7%D8%B1-cpjw21-ID116969344.html,Fanar,El Meten,El Meten,220000.0,120.0,1833.3,2026-08-15 06:17
Dubizzle,https://www.olx.com.lb/ad/prime-location-apartment-in-dik-el-mehdi-metn-with-terrace-ID117019850.html,Prime Location Apartment in Dik El Mehdi,El Meten,El Meten,269000.0,240.0,1120.8,2026-08-15 06:17
Dubizzle,https://www.olx.com.lb/ad/110-sqm-apartment-for-sale-in-ajaltoun-ID117021364.html,Unknown,Unknown,Unknown,98000.0,110.0,890.9,2026-08-15 06:17
Dubizzle,https://www.olx.com.lb/ad/apartment-for-sale-in-ramlet-el-bayda-%D8%B4%D9%82%D8%A9-%D9%84%D9%84%D8%A8%D9%8A%D8%B9-%D9%81%D9%8A-%D8%A7%D9%84%D8%B1%D9%85%D9%84%D8%A9-%D8%A7%D9%84%D8%A8%D9%8A%D8%B6%D8%A7%D8%A1-ID116898665.html,Ramlet el Bayda,Beirut,Moussaytbeh,840000.0,500.0,1680.0,2026-08-15 06:17
Dubizzle,https://www.olx.com.lb/ad/85-m2-apartment-open-mountain%2Fsea-view-4sale-in-batroun-ID116919650.html,Batroun Town,El Batroun,El Batroun,80000.0,85.0,941.2,2026-08-15 06:17
Dubizzle,https://www.olx.com.lb/ad/new-sheileh-440m2-200m2-terracegarden-furnished-villa-mj-ID115725717.html,Unknown,Unknown,Unknown,720000.0,440.0,1636.4,2026-08-15 06:17
Dubizzle,https://www.olx.com.lb/ad/prime-investment-property-spacious-230-sqm-apartment-in-mar-takla-ID117022930.html,Mar Takla,Baabda,Baabda,435000.0,230.0,1891.3,2026-08-15 06:17
Dubizzle,https://www.olx.com.lb/ad/apartment-for-sale-in-broummana-%D8%B4%D9%82%D8%A9-%D9%84%D9%84%D8%A8%D9%8A%D8%B9-%D9%81%D9%8A-%D8%A8%D8%B1%D9%85%D8%A7%D9%86%D8%A7-ID116823007.html,Broummana,El Meten,El Meten,180000.0,180.0,1000.0,2026-08-15 06:17
Dubizzle,https://www.olx.com.lb/ad/apartment-for-sale-in-jouret-ballout-%D8%B4%D9%82%D8%A9-%D9%84%D9%84%D8%A8%D9%8A%D8%B9-%D9%81%D9%8A-%D8%AC%D9%88%D8%B1%D8%A9-%D8%A7%D9%84%D8%A8%D9%84%D9%88%D8%B7-ID116503114.html,Jouret Al Ballout,El Meten,El Meten,185000.0,150.0,1233.3,2026-08-15 06:17
Dubizzle,https://www.olx.com.lb/ad/apartment-for-sale-in-fanar-%D8%B4%D9%82%D8%A9-%D9%84%D9%84%D8%A8%D9%8A%D8%B9-%D9%81%D9%8A-%D8%A7%D9%84%D9%81%D9%86%D8%A7%D8%B1-ID116414459.html,Fanar,El Meten,El Meten,325000.0,275.0,1181.8,2026-08-15 06:17
Dubizzle,https://www.olx.com.lb/ad/apartment-for-sale-in-beit-mery-%D8%B4%D9%82%D8%A9-%D9%84%D9%84%D8%A8%D9%8A%D8%B9-%D9%81%D9%8A-%D8%A8%D9%8A%D8%AA-%D9%85%D8%B1%D9%8A-ID116562347.html,Beit Mery,El Meten,El Meten,400000.0,235.0,1702.1,2026-08-15 06:17
Dubizzle,https://www.olx.com.lb/ad/apartment-for-sale-in-broumana-%D8%B4%D9%82%D8%A9-%D9%84%D9%84%D8%A8%D9%8A%D8%B9-%D9%81%D9%8A-%D8%A8%D8%B1%D9%85%D8%A7%D9%86%D8%A7-ID116554855.html,Broummana,El Meten,El Meten,260000.0,190.0,1368.4,2026-08-15 06:17
Dubizzle,https://www.olx.com.lb/ad/duplex-for-sale-in-beit-mery-%D8%AF%D9%88%D8%A8%D9%84%D9%83%D8%B3-%D9%84%D9%84%D8%A8%D9%8A%D8%B9-%D9%81%D9%8A-%D8%A8%D9%8A%D8%AA-%D9%85%D8%B1%D9%8A-ID116498205.html,Beit Mery,El Meten,El Meten,700000.0,400.0,1750.0,2026-08-15 06:17
Dubizzle,https://www.olx.com.lb/ad/apartment-for-sale-in-broumana-%D8%B4%D9%82%D8%A9-%D9%84%D9%84%D8%A8%D9%8A%D8%B9-%D9%81%D9%8A-%D8%A8%D8%B1%D9%85%D8%A7%D9%86%D8%A7-ID116297230.html,Broummana,El Meten,El Meten,500000.0,550.0,909.1,2026-08-15 06:17
Dubizzle,https://www.olx.com.lb/ad/255-m%C2%B2-villa-with-pool-garden-open-sea-mountain-view-in-batroun-ID116996273.html,Other in Batroun,El Batroun,El Batroun,375000.0,255.0,1470.6,2026-08-15 06:17
Dubizzle,https://www.olx.com.lb/ad/sea-view-i-luxurious-villa-in-aley-i-luxurious-ID116988365.html,Aley Town,Aley,Aley,950000.0,1000.0,950.0,2026-08-15 06:17
Dubizzle,https://www.olx.com.lb/ad/130-sqm-dully-renovated-apartment-in-zouk-mosbeh-calm-area-ID116982711.html,Unknown,Unknown,Unknown,130000.0,130.0,1000.0,2026-08-15 06:17
Dubizzle,https://www.olx.com.lb/ad/apartment-for-sale-in-badghan-sawfar-aley-mountain-view-ID116979486.html,Apartment for sale in Sawfar,Aley,Aley,90000.0,140.0,642.9,2026-08-15 06:17
Dubizzle,https://www.olx.com.lb/ad/apartment-for-sale-in-sawfar-charoun-%D8%B4%D9%82%D8%A9-%D9%84%D9%84%D8%A8%D9%8A%D8%B9-%D9%81%D9%8A-%D8%B5%D9%88%D9%81%D8%B1-%D8%B4%D8%A7%D8%B1%D9%88%D9%86-ID116947120.html,Sawfar,Aley,Aley,110000.0,140.0,785.7,2026-08-15 06:17
Dubizzle,https://www.olx.com.lb/ad/villa-in-ain-jdideh-for-sale-%2F-%D9%81%D9%8A%D9%84%D8%A7-%D9%81%D9%8A-%D8%B9%D9%8A%D9%86-%D8%A7%D9%84%D8%AC%D8%AF%D9%8A%D8%AF%D8%A9-%D9%84%D9%84%D8%A8%D9%8A%D8%B9-ID116902351.html,Bhamdoun,Aley,Aley,850000.0,500.0,1700.0,2026-08-15 06:17
Dubizzle,https://www.olx.com.lb/ad/apartment-for-sale-in-mansourieh-refad139-ID116823945.html,Mansourieh,El Meten,El Meten,160000.0,185.0,864.9,2026-08-15 06:17
Dubizzle,https://www.olx.com.lb/ad/apartment-for-sale-in-halat-ID116817309.html,Halat,Jbeil,Jbeil,87000.0,104.0,836.5,2026-08-15 06:17
Dubizzle,https://www.olx.com.lb/ad/luxurious-850m2-villaterracemountain-view-4sale-in-broumana-%D8%A8%D8%B1%D9%85%D8%A7%D9%86%D8%A7-ID116754046.html,Broummana,El Meten,El Meten,1430000.0,900.0,1588.9,2026-08-15 06:17
Dubizzle,https://www.olx.com.lb/ad/under-construction-apartment-in-blat-for-sale-%D8%B4%D9%82%D8%A9-%D9%84%D9%84%D8%A8%D9%8A%D8%B9-pls26404b1-ID116734829.html,Blat,Jbeil,Jbeil,139000.0,120.0,1158.3,2026-08-15 06:17
Dubizzle,https://www.olx.com.lb/ad/apartment-for-sale-in-ain-saade-%D8%B4%D9%82%D8%A9-%D9%84%D9%84%D8%A8%D9%8A%D8%B9-%D9%81%D9%8A-%D8%B9%D9%8A%D9%86-%D8%B3%D8%B9%D8%A7%D8%AF%D9%87-ID116503216.html,Ain Saadeh,El Meten,El Meten,375000.0,300.0,1250.0,2026-08-15 06:17
Dubizzle,https://www.olx.com.lb/ad/duplex-for-sale-in-broumana-300k-%D8%AF%D9%88%D8%A8%D9%84%D9%83%D8%B3-%D9%84%D9%84%D8%A8%D9%8A%D8%B9-%D9%81%D9%8A-%D8%A8%D8%B1%D9%85%D8%A7%D9%86%D8%A7-%D9%A3%D9%A0%D9%A0%D9%A0%D9%A0%D9%A0-ID115976833.html,Broummana,El Meten,El Meten,300000.0,340.0,882.4,2026-08-15 06:17
Dubizzle,https://www.olx.com.lb/ad/%D9%82%D8%B5%D8%B1-%D9%84%D9%84%D8%A8%D9%8A%D8%B9-%D9%81%D9%8A-%D8%A7%D8%AF%D9%85%D8%A7-ID116820891.html,Unknown,Unknown,Unknown,14000000.0,6000.0,2333.3,2026-08-15 06:17
Dubizzle,https://www.olx.com.lb/ad/apartment-for-sale-in-hazmieh-new-martakla-haz0352dpea-ID116710713.html,Hazmieh,Baabda,Baabda,225000.0,128.0,1757.8,2026-08-15 06:17
Dubizzle,https://www.olx.com.lb/ad/apartment-for-sale-in-hazmieh-%D8%B4%D9%82%D8%A9-%D9%84%D9%84%D8%A8%D9%8A%D8%B9-%D9%81%D9%8A-%D8%A7%D9%84%D8%AD%D8%A7%D8%B2%D9%85%D9%8A%D8%A9-ID116705238.html,Hazmieh,Baabda,Baabda,1150000.0,660.0,1742.4,2026-08-15 06:17
Dubizzle,https://www.olx.com.lb/ad/apartment-for-sale-in-monteverde-%D8%B4%D9%82%D8%A9-%D9%84%D9%84%D8%A8%D9%8A%D8%B9-%D9%81%D9%8A-%D9%85%D9%86%D8%AA%D9%8A%D9%81%D8%B1%D8%AF%D9%8A-ID116652181.html,Monteverde,El Meten,El Meten,745000.0,440.0,1693.2,2026-08-15 06:17
Dubizzle,https://www.olx.com.lb/ad/apartment-for-sale-in-mansourieh-%D8%B4%D9%82%D8%A9-%D9%84%D9%84%D8%A8%D9%8A%D8%B9-%D9%81%D9%8A-%D8%A7%D9%84%D9%85%D9%86%D8%B5%D9%88%D8%B1%D9%8A%D8%A9-ID116616752.html,Mansourieh,El Meten,El Meten,165000.0,240.0,687.5,2026-08-15 06:17
Dubizzle,https://www.olx.com.lb/ad/apartment-for-sale-in-fanar-%D8%B4%D9%82%D8%A9-%D9%84%D9%84%D8%A8%D9%8A%D8%B9-%D9%81%D9%8A-%D8%A7%D9%84%D9%81%D9%86%D8%A7%D8%B1-ID116250139.html,Fanar,El Meten,El Meten,320000.0,360.0,888.9,2026-08-15 06:17
Dubizzle,https://www.olx.com.lb/ad/duplex-for-sale-in-beit-chabeb-%D8%AF%D9%88%D8%A8%D9%84%D9%83%D8%B3-%D9%84%D9%84%D8%A8%D9%8A%D8%B9-%D9%81%D9%8A-%D8%A8%D9%8A%D8%AA-%D8%B4%D8%A8%D8%A7%D8%A8-ID116742038.html,Beit Chabeb,El Meten,El Meten,299000.0,300.0,996.7,2026-08-15 06:17
Dubizzle,https://www.olx.com.lb/ad/apartment-for-sale-in-mansourieh-%D8%B4%D9%82%D8%A9-%D9%84%D9%84%D8%A8%D9%8A%D8%B9-%D9%81%D9%8A-%D8%A7%D9%84%D9%85%D9%86%D8%B5%D9%88%D8%B1%D9%8A%D8%A9-ID116704967.html,Mansourieh,El Meten,El Meten,120000.0,100.0,1200.0,2026-08-15 06:17
Dubizzle,https://www.olx.com.lb/ad/apartment-for-sale-in-beit-mery-%D8%B4%D9%82%D8%A9-%D9%84%D9%84%D8%A8%D9%8A%D8%B9-%D9%81%D9%8A-%D8%A8%D9%8A%D8%AA-%D9%85%D8%B1%D9%8A-ID116608584.html,Beit Mery,El Meten,El Meten,1400000.0,880.0,1590.9,2026-08-15 06:17
Dubizzle,https://www.olx.com.lb/ad/villa-for-sale-in-adma-%D9%81%D9%8A%D9%84%D8%A7-%D9%84%D9%84%D8%A8%D9%8A%D8%B9-%D9%81%D9%8A-%D8%A7%D8%AF%D9%85%D8%A7-ID116563895.html,Unknown,Unknown,Unknown,2700000.0,700.0,3857.1,2026-08-15 06:17
Dubizzle,https://www.olx.com.lb/ad/villa-for-sale-in-ain-saade-%D9%81%D9%8A%D9%84%D8%A7-%D9%84%D9%84%D8%A8%D9%8A%D8%B9-%D9%81%D9%8A-%D8%B9%D9%8A%D9%86-%D8%B3%D8%B9%D8%A7%D8%AF%D9%87-ID116650505.html,Ain Saadeh,El Meten,El Meten,3500000.0,1000.0,3500.0,2026-08-15 06:17
Dubizzle,https://www.olx.com.lb/ad/duplex-for-sale-in-beit-mery-%D8%AF%D9%88%D8%A8%D9%84%D9%83%D8%B3-%D9%84%D9%84%D8%A8%D9%8A%D8%B9-%D9%81%D9%8A-%D8%A8%D9%8A%D8%AA-%D9%85%D8%B1%D9%8A-ID116569547.html,Beit Mery,El Meten,El Meten,550000.0,300.0,1833.3,2026-08-15 06:17
Dubizzle,https://www.olx.com.lb/ad/duplex-for-sale-in-baabdet-%D8%AF%D9%88%D8%A8%D9%84%D9%83%D8%B3-%D9%84%D9%84%D8%A8%D9%8A%D8%B9-%D9%81%D9%8A-%D8%A8%D8%B9%D8%A8%D8%AF%D8%A7%D8%AA-ID116287304.html,Baabdat,El Meten,El Meten,600000.0,500.0,1200.0,2026-08-15 06:17
Dubizzle,https://www.olx.com.lb/ad/apartment-for-sale-in-achrafieh-ID117021896.html,Beirut,Unknown,Unknown,800000.0,245.0,3265.3,2026-08-15 06:17
Dubizzle,https://www.olx.com.lb/ad/ballouneh-150m2-150m2-garden-payment-facilities-calm-street-g-ID116934520.html,Unknown,Unknown,Unknown,220000.0,150.0,1466.7,2026-08-15 06:17
Dubizzle,https://www.olx.com.lb/ad/ajaltoun-195m2-up-to-375m2-prime-location-under-construction-ID115501271.html,Unknown,Unknown,Unknown,330000.0,195.0,1692.3,2026-08-15 06:17
Dubizzle,https://www.olx.com.lb/ad/kfaraabida-rooftop-views-%D8%B1%D9%88%D9%88%D9%81-%D8%AA%D9%88%D8%A8-%D8%A8%D8%A5%D8%B7%D9%84%D8%A7%D9%84%D8%A9-%D8%A8%D8%AD%D8%B1-%D9%88%D8%AC%D8%A8%D9%84-%D9%83%D9%81%D8%B1%D8%B9%D8%A8%D9%8A%D8%AF%D8%A7-ID116858024.html,Kfar Abida,El Batroun,El Batroun,243000.0,158.0,1538.0,2026-08-15 06:17
Dubizzle,https://www.olx.com.lb/ad/apartment-for-sale-in-ramlet-el-bayda-%D8%B4%D9%82%D8%A9-%D9%84%D9%84%D8%A8%D9%8A%D8%B9-%D9%81%D9%8A-%D8%A7%D9%84%D8%B1%D9%85%D9%84%D8%A9-%D8%A7%D9%84%D8%A8%D9%8A%D8%B6%D8%A7%D8%A1-ID116898665.html,Ramlet el Bayda,Beirut,Moussaytbeh,840000.0,500.0,1680.0,2026-08-15 06:17
Dubizzle,https://www.olx.com.lb/ad/a-90-m2-apartment-having-an-open-view-for-sale-in-kfarchima-ID117012383.html,Kfarchima,Baabda,Baabda,85000.0,90.0,944.4,2026-08-15 06:17
Dubizzle,https://www.olx.com.lb/ad/new-duplex-in-dbayeh-metn-with-mountain-view-ID116727407.html,New Duplex in Dbayeh,El Meten,El Meten,252000.0,280.0,900.0,2026-08-15 06:17
Dubizzle,https://www.olx.com.lb/ad/120-sqm-for-sale-in-blat-with-installments-or-isken-ID116507531.html,Blat,Jbeil,Jbeil,115000.0,120.0,958.3,2026-08-15 06:17
Dubizzle,https://www.olx.com.lb/ad/ballouneh-140m2-new-flat-mountain-view-calm-street-to-ID116811813.html,Unknown,Unknown,Unknown,165000.0,140.0,1178.6,2026-08-15 06:17
Dubizzle,https://www.olx.com.lb/ad/apartment-for-sale-in-antelias-cpes240-ID116749071.html,Antelias,El Meten,El Meten,800000.0,255.0,3137.3,2026-08-15 06:17
Dubizzle,https://www.olx.com.lb/ad/apartment-for-sale-achrafieh-ach0244dpea-ID117014437.html,Achrafieh,Beirut,Achrafieh,450000.0,268.0,1679.1,2026-08-15 06:17
Dubizzle,https://www.olx.com.lb/ad/apartment-for-sale-in-achrafieh-%D8%B4%D9%82%D8%A9-%D9%84%D9%84%D8%A8%D9%8A%D8%B9-%D9%81%D9%8A-%D8%A7%D9%84%D8%A3%D8%B4%D8%B1%D9%81%D9%8A%D8%A9-ID116999770.html,Beirut,Unknown,Unknown,700000.0,277.0,2527.1,2026-08-15 06:17
Dubizzle,https://www.olx.com.lb/ad/%D8%A3%D8%B4%D8%B1%D9%81%D9%8A%D8%A9-%D9%A2%D9%A3%D9%A0%D9%85-%D9%A6%D9%A2%D9%A0-%D8%A3%D9%84%D9%81-achrafieh-230m-620k-ID116956180.html,Beirut,Unknown,Unknown,620000.0,230.0,2695.7,2026-08-15 06:17
Dubizzle,https://www.olx.com.lb/ad/%D8%B2%D9%84%D9%82%D8%A7-%D8%A8%D9%8A%D8%B9-209%D9%85-%D8%B9%D9%84%D9%89-%D8%A7%D9%84%D8%B3%D9%86%D8%AF-210000-%D8%AF%D9%88%D9%84%D8%A7%D8%B1-zalka-flat4-sale-210k-ID116950257.html,Zalka,El Meten,El Meten,200000.0,209.0,956.9,2026-08-15 06:17
Dubizzle,https://www.olx.com.lb/ad/apartment-for-sale-in-qortada-%D8%B4%D9%82%D8%A9-%D9%84%D9%84%D8%A8%D9%8A%D8%B9-%D9%81%D9%8A-%D9%82%D8%B1%D8%B7%D8%A7%D8%B6%D9%87-ID116942854.html,Zandouka,El Meten,El Meten,170000.0,250.0,680.0,2026-08-15 06:17
Dubizzle,https://www.olx.com.lb/ad/apartment-for-sale-in-achrafieh-%D8%B4%D9%82%D8%A9-%D9%84%D9%84%D8%A8%D9%8A%D8%B9-%D9%81%D9%8A-%D8%A7%D9%84%D8%A3%D8%B4%D8%B1%D9%81%D9%8A%D8%A9-ID116885989.html,Beirut,Unknown,Unknown,1400000.0,385.0,3636.4,2026-08-15 06:17
Dubizzle,https://www.olx.com.lb/ad/375m2-apartmentterrace-4sale-in-bsalim-%D8%B4%D9%82%D8%A9-%D9%84%D9%84%D8%A8%D9%8A%D8%B9-%D9%81%D9%8A-%D8%A8%D8%B5%D8%A7%D9%84%D9%8A%D9%85-ID116766825.html,Bsalim,El Meten,El Meten,580000.0,415.0,1397.6,2026-08-15 06:17
Dubizzle,https://www.olx.com.lb/ad/3br-apartment-for-sale-installments-blat-%D8%B4%D9%82%D8%A9-%D9%84%D9%84%D8%A8%D9%8A%D8%B9-pls-26404b5-ID116734843.html,Blat,Jbeil,Jbeil,170000.0,124.0,1371.0,2026-08-15 06:17
Dubizzle,https://www.olx.com.lb/ad/apartment-in-blat-for-sale-terrace-70sqm-%D8%B4%D9%82%D8%A9-%D9%84%D9%84%D8%A8%D9%8A%D8%B9-pls-26404b2-ID116734833.html,Blat,Jbeil,Jbeil,142000.0,95.0,1494.7,2026-08-15 06:17
Dubizzle,https://www.olx.com.lb/ad/luxury-villa-in-mechmech-jbeil-sale-%D9%81%D9%8A%D9%84%D8%A7-%D9%84%D9%84%D8%A8%D9%8A%D8%B9-pls-26387c2-ID116634796.html,Mechmech,Jbeil,Jbeil,164000.0,145.0,1131.0,2026-08-15 06:17
Dubizzle,https://www.olx.com.lb/ad/modern-twin-house-for-sale-mechmech-%D9%81%D9%8A%D9%84%D8%A7-%D9%84%D9%84%D8%A8%D9%8A%D8%B9-pls-26387a3-ID116634756.html,Mechmech,Jbeil,Jbeil,131000.0,122.0,1073.8,2026-08-15 06:17
Dubizzle,https://www.olx.com.lb/ad/under-construction-villa-for-sale-mechmech-%D9%81%D9%8A%D9%84%D8%A7-%D9%84%D9%84%D8%A8%D9%8A%D8%B9-pls26387a1-ID116634725.html,Mechmech,Jbeil,Jbeil,127000.0,120.0,1058.3,2026-08-15 06:17
Dubizzle,https://www.olx.com.lb/ad/jbeil-2br-new-apartment-sale-%D8%AC%D8%A8%D9%8A%D9%84-%D8%B4%D9%82%D8%A9-%D9%84%D9%84%D8%A8%D9%8A%D8%B9-pls-2634710-ID116586520.html,Breij,Jbeil,Jbeil,105000.0,100.0,1050.0,2026-08-15 06:17
Dubizzle,https://www.olx.com.lb/ad/apartment-for-sale-breij-installments-%D8%B4%D9%82%D8%A9-%D9%84%D9%84%D8%A8%D9%8A%D8%B9-pls-263477-ID116586513.html,Breij,Jbeil,Jbeil,95000.0,91.0,1044.0,2026-08-15 06:17
Dubizzle,https://www.olx.com.lb/ad/under-construction-apartment-breij-sale-%D8%B4%D9%82%D8%A9-%D9%84%D9%84%D8%A8%D9%8A%D8%B9-pls-263475-ID116586498.html,Breij,Jbeil,Jbeil,84000.0,76.0,1105.3,2026-08-15 06:17
Dubizzle,https://www.olx.com.lb/ad/apartment-for-sale-breij-payment-facility-%D8%B4%D9%82%D8%A9-%D9%84%D9%84%D8%A8%D9%8A%D8%B9-pls-263474-ID116586489.html,Breij,Jbeil,Jbeil,100000.0,96.0,1041.7,2026-08-15 06:17
Dubizzle,https://www.olx.com.lb/ad/2-br-apartment-for-sale-breij-jbeil-%D8%B4%D9%82%D8%A9-%D9%84%D9%84%D8%A8%D9%8A%D8%B9-pls-263473-ID116586485.html,Breij,Jbeil,Jbeil,85000.0,77.0,1103.9,2026-08-15 06:17
Dubizzle,https://www.olx.com.lb/ad/155m2-apartmentpoolview-4-sale-in-bsalim-%D8%B4%D9%82%D8%A9-%D9%84%D9%84%D8%A8%D9%8A%D8%B9-%D9%81%D9%8A-%D8%A8%D8%B5%D8%A7%D9%84%D9%8A%D9%85-ID116430302.html,Bsalim,El Meten,El Meten,217000.0,155.0,1400.0,2026-08-15 06:17
Dubizzle,https://www.olx.com.lb/ad/3-bedroom-furnished-apartment-open-view-4-sale-in-feytroun-%D9%81%D9%8A%D8%B7%D8%B1%D9%88%D9%86-ID116380637.html,Unknown,Unknown,Unknown,150000.0,155.0,967.7,2026-08-15 06:17
Dubizzle,https://www.olx.com.lb/ad/a-270-m2-gf-apartment200-m2-gardenopen-view-for-sale-in-bsalim-ID116123062.html,Bsalim,El Meten,El Meten,660000.0,337.0,1958.5,2026-08-15 06:17
Dubizzle,https://www.olx.com.lb/ad/apartment-in-amchit-for-sale-brand-new-%D8%B4%D9%82%D8%A9-%D9%84%D9%84%D8%A8%D9%8A%D8%B9-pls-26579-1-ID117011564.html,Aamchit,Jbeil,Jbeil,100000.0,117.0,854.7,2026-08-15 06:17
Dubizzle,https://www.olx.com.lb/ad/125-sqm-prime-location-modern-apartment-in-haret-hreik-tariq-el-matar-ID117007451.html,Haret Hreik,Baabda,Baabda,220000.0,125.0,1760.0,2026-08-15 06:17
Dubizzle,https://www.olx.com.lb/ad/106-sqm-decorated-apartment-in-zikrit-metn-with-mountain-view-ID116958849.html,SQM Decorated Apartment in Zikrit,El Meten,El Meten,160000.0,106.0,1509.4,2026-08-15 06:17
Dubizzle,https://www.olx.com.lb/ad/140-sqm-apartment-in-qornet-el-hamra-metn-35-sqm-terrace-ID116941014.html,SQM Apartment in Qornet El Hamra,El Meten,El Meten,123000.0,140.0,878.6,2026-08-15 06:17
Dubizzle,https://www.olx.com.lb/ad/2-br-apartment-in-halat-%7C-sale-%7C-%D8%B4%D9%82%D8%A9-%D9%84%D9%84%D8%A8%D9%8A%D8%B9-%7C-%D8%AC%D8%A8%D9%8A%D9%84-%7C-pls-26538%2F1-ID116924193.html,Halat,Jbeil,Jbeil,125000.0,90.0,1388.9,2026-08-15 06:17
Dubizzle,https://www.olx.com.lb/ad/220-sqm-furnished-apartment-in-zouk-mikael-panoramic-sea-view-ID116872537.html,Unknown,Unknown,Unknown,140000.0,220.0,636.4,2026-08-15 06:17
Dubizzle,https://www.olx.com.lb/ad/apartment-for-sale-in-rayfoun-cpes257-ID116783356.html,Unknown,Unknown,Unknown,240000.0,200.0,1200.0,2026-08-15 06:17
Dubizzle,https://www.olx.com.lb/ad/apartment-for-sale-in-blat-payment-plan-%D8%B4%D9%82%D8%A9-%D9%84%D9%84%D8%A8%D9%8A%D8%B9-pls-26348b5-ID116667830.html,Blat,Jbeil,Jbeil,190000.0,195.0,974.4,2026-08-15 06:17
Dubizzle,https://www.olx.com.lb/ad/apartment-3br-for-sale-in-blat-%D8%B4%D9%82%D8%A9-%D9%84%D9%84%D8%A8%D9%8A%D8%B9-%D8%AC%D8%A8%D9%8A%D9%84-pls-26348b2-ID116667820.html,Blat,Jbeil,Jbeil,186000.0,150.0,1240.0,2026-08-15 06:17
Dubizzle,https://www.olx.com.lb/ad/new-apartment-open-view-blat-%D8%B4%D9%82%D8%A9-%D9%84%D9%84%D8%A8%D9%8A%D8%B9-pls-26348a5-ID116667807.html,Blat,Jbeil,Jbeil,98000.0,98.0,1000.0,2026-08-15 06:17
Dubizzle,https://www.olx.com.lb/ad/apartment-for-sale-in-bouar-panoramic-view-%D8%B4%D9%82%D8%A9-%D9%84%D9%84%D8%A8%D9%8A%D8%B9-pls-26410b1-ID116660973.html,Unknown,Unknown,Unknown,145000.0,130.0,1115.4,2026-08-15 06:17
Dubizzle,https://www.olx.com.lb/ad/apartment-in-jbeil-for-sale-sea-view-%D8%B4%D9%82%D8%A9-%D9%84%D9%84%D8%A8%D9%8A%D8%B9-pls-260633-ID115982765.html,Jbeil Town,Jbeil,Jbeil,115000.0,100.0,1150.0,2026-08-15 06:17
Dubizzle,https://www.olx.com.lb/ad/150-sqm-new-apartment-in-naccache-metn-with-terrace-ID115357852.html,SQM New Apartment in Naccache,El Meten,El Meten,205000.0,150.0,1366.7,2026-08-15 06:17
Dubizzle,https://www.olx.com.lb/ad/habitat-bank-eligible-furnished-apartment-in-mrouj-metn-ID115324190.html,k Eligible - Furnished Apartment in Mrouj,El Meten,El Meten,120000.0,110.0,1090.9,2026-08-15 06:17
Dubizzle,https://www.olx.com.lb/ad/ballouneh-350m2-150m2-garden-super-luxurious-catch-my-ID116021064.html,Unknown,Unknown,Unknown,300000.0,350.0,857.1,2026-08-15 06:17
Dubizzle,https://www.olx.com.lb/ad/furnished-apartment-with-terrace-for-sale-bsalim%D8%B4%D9%82%D8%A9-%D9%85%D9%81%D8%B1%D9%88%D8%B4%D8%A9-%D9%85%D8%B9-%D8%AA%D8%B1%D8%A7%D8%B3-ID117005522.html,Zalka,El Meten,El Meten,145000.0,160.0,906.2,2026-08-15 06:17
Dubizzle,https://www.olx.com.lb/ad/apartment-for-sale-in-achrafieh-spacious-ID117022110.html,Beirut,Unknown,Unknown,1400000.0,500.0,2800.0,2026-08-15 06:17
Dubizzle,https://www.olx.com.lb/ad/ballouneh-480m2-duplex-exceptional-property-payment-facilities-ID114809619.html,Unknown,Unknown,Unknown,475000.0,480.0,989.6,2026-08-15 06:17
Dubizzle,https://www.olx.com.lb/ad/apartment-for-sale-achrafieh-prime-location-220-sqm-650-000-ID117012506.html,Achrafieh,Beirut,Achrafieh,650000.0,220.0,2954.5,2026-08-15 06:17
Dubizzle,https://www.olx.com.lb/ad/215sqm-apartment-for-sale-with-open-sea-view-in-kaslik-prime-location-ID117015968.html,Unknown,Unknown,Unknown,295000.0,215.0,1372.1,2026-08-15 06:17
Dubizzle,https://www.olx.com.lb/ad/ballouneh-475m2-flat-400m2-garden-unique-ID114963765.html,Unknown,Unknown,Unknown,700000.0,475.0,1473.7,2026-08-15 06:17
Dubizzle,https://www.olx.com.lb/ad/apartment-for-sale-in-achrafieh-fassouh-%D8%B4%D9%82%D8%A9-%D9%84%D9%84%D8%A8%D9%8A%D8%B9-%D9%81%D9%8A-%D8%A7%D9%84%D8%A3%D8%B4%D8%B1%D9%81%D9%8A%D8%A9-cpbrc49-ID117017238.html,Achrafieh,Beirut,Achrafieh,410000.0,180.0,2277.8,2026-08-15 06:17
Dubizzle,https://www.olx.com.lb/ad/apartment-for-sale-in-bhamdoun%2C-aley-%2F-%D8%B4%D9%82%D8%A9-%D9%84%D9%84%D8%A8%D9%8A%D8%B9-%D9%81%D9%8A-%D8%A8%D8%AD%D9%85%D8%AF%D9%88%D9%86-ID116933052.html,Apartment For Sale In Bhamdoun,Aley,Aley,150000.0,165.0,909.1,2026-08-15 06:17
Dubizzle,https://www.olx.com.lb/ad/apartment-4-sale-in-zouk-mikhayel-%D8%B4%D9%82%D8%A9-%D9%84%D9%84%D8%A8%D9%8A%D8%B9-%D9%81%D9%8A-%D8%B2%D9%88%D9%82-%D9%85%D8%AE%D8%A7%D9%8A%D9%84-ID116942616.html,Unknown,Unknown,Unknown,120000.0,120.0,1000.0,2026-08-15 06:17
Dubizzle,https://www.olx.com.lb/ad/luxurious-duplex-for-sale-in-bqennaya-ID116958218.html,Jal El Dib,El Meten,El Meten,369000.0,240.0,1537.5,2026-08-15 06:17
Dubizzle,https://www.olx.com.lb/ad/350sqm-apartment-for-sale-in-tallet-al-khayat-ID117028193.html,Tallet el Khayat,Beirut,Moussaytbeh,870000.0,350.0,2485.7,2026-08-15 06:17
Dubizzle,https://www.olx.com.lb/ad/apartment-for-sale-ID117028185.html,Sanayeh,Beirut,Moussaytbeh,130000.0,145.0,896.6,2026-08-15 06:17
Dubizzle,https://www.olx.com.lb/ad/%D8%B4%D9%82%D8%A9-270%D9%85-%D9%84%D9%84%D8%A8%D8%A8%D8%B9-%D9%81%D9%8A-%D8%B3%D8%A7%D9%82%D9%8A%D8%A9-%D8%A7%D9%84%D8%AC%D9%86%D8%B2%D9%8A%D8%B1-ID117028212.html,sakiet al janzeer,Beirut,Beirut-Other,775000.0,270.0,2870.4,2026-08-15 06:17
Dubizzle,https://www.olx.com.lb/ad/%D8%B4%D9%82%D8%A9-306%D9%85-%D9%84%D9%84%D8%A8%D8%A8%D8%B9-%D9%81%D9%8A-%D8%A7%D9%84%D8%AC%D9%86%D8%A7%D8%AD-ID117028203.html,Jnah,Beirut,Saifeh,775000.0,306.0,2532.7,2026-08-15 06:17
Dubizzle,https://www.olx.com.lb/ad/apartment-for-sale-ras-el-nabaa-sodeko-%D8%B4%D9%82%D8%A9-%D9%84%D9%84%D8%A8%D9%8A%D8%B9-%D8%B1%D8%A7%D8%B3-%D8%A7%D9%84%D9%86%D8%A8%D8%B9-%D8%B3%D9%88%D8%AF%D9%8A%D9%83%D9%88-ID117021131.html,Ras Al Nabaa,Beirut,Mazraa,230000.0,160.0,1437.5,2026-08-15 06:17
Dubizzle,https://www.olx.com.lb/ad/apartment-for-sale-in-hazmieh-cpmk231-%D8%B4%D9%82%D8%A9-%D9%84%D9%84%D8%A8%D9%8A%D8%B9-%D9%81%D9%8A-%D8%A7%D9%84%D8%AD%D8%A7%D8%B2%D9%85%D9%8A%D8%A9-ID117015938.html,Hazmieh,Baabda,Baabda,1300000.0,425.0,3058.8,2026-08-15 06:17
Dubizzle,https://www.olx.com.lb/ad/super-deluxe-for-sale-apartment-in-hazmieh-ID117009806.html,Hazmieh,Baabda,Baabda,310000.0,130.0,2384.6,2026-08-15 06:17
Dubizzle,https://www.olx.com.lb/ad/khenchara-luxurious-high-end-villa-for-sale-prime-location-ID116972420.html,Khenchara,El Meten,El Meten,2200000.0,1100.0,2000.0,2026-08-15 06:17
Dubizzle,https://www.olx.com.lb/ad/exclusive-231-sqm-apartment-in-adma-keserwan-sea-view-terrace-ID116847302.html,Unknown,Unknown,Unknown,300000.0,231.0,1298.7,2026-08-15 06:17
Dubizzle,https://www.olx.com.lb/ad/villa-i-plateau-i-kfardebian-i-garden-i-view-i-faraya-ID116256824.html,Unknown,Unknown,Unknown,890000.0,350.0,2542.9,2026-08-15 06:17
Dubizzle,https://www.olx.com.lb/ad/furnished-villa200m2-garden-laklouk-laqlouq-%D9%81%D9%8A%D9%84%D8%A7-%D9%85%D9%81%D8%B1%D9%88%D8%B4%D8%A9-%D9%81%D9%8A-%D8%A7%D9%84%D9%84%D9%82%D9%84%D9%88%D9%82-ID115843877.html,Laqlouq,Jbeil,Jbeil,217000.0,180.0,1205.6,2026-08-15 06:17
Dubizzle,https://www.olx.com.lb/ad/beirut-mar-elias-apartment-for-sale-high-quality-ID117028219.html,Mar Elias,Beirut,Moussaytbeh,375000.0,200.0,1875.0,2026-08-15 06:17
Dubizzle,https://www.olx.com.lb/ad/apartment-in-rabieh-for-sale-mqfs2968-%D8%B4%D9%82%D8%A9-%D9%84%D9%84%D8%A8%D9%8A%D8%B9-%D9%81%D9%8A-%D8%A7%D9%84%D8%B1%D8%A7%D8%A8%D9%8A%D8%A9-ID116982173.html,Rabieh,El Meten,El Meten,1723100.0,463.0,3721.6,2026-08-15 06:17
Dubizzle,https://www.olx.com.lb/ad/apartment-for-sale-in-louaize-bsous-mqeg069-%D8%B4%D9%82%D8%A9-%D9%84%D9%84%D8%A8%D9%8A%D8%B9-%D9%81%D9%8A-%D9%84%D9%88%D9%8A%D8%B2%D8%A9-ID116937263.html,Jamhour,Baabda,Baabda,400000.0,220.0,1818.2,2026-08-15 06:17
Dubizzle,https://www.olx.com.lb/ad/apartment-for-sale-in-mar-takla-hazmieh-mqeg063-%D8%B4%D9%82%D8%A9-%D9%84%D9%84%D8%A8%D9%8A%D8%B9-%D9%81%D9%8A-%D9%85%D8%A7%D8%B1-%D8%AA%D9%82%D9%84%D8%A7-ID116933726.html,Mar Takla,Baabda,Baabda,620000.0,216.0,2870.4,2026-08-15 06:17
Dubizzle,https://www.olx.com.lb/ad/5-bed-apartment-for-sale-with-terrace-in-mtayleb-fir2954-ID116782715.html,Mtayleb,El Meten,El Meten,560000.0,367.0,1525.9,2026-08-15 06:17
Dubizzle,https://www.olx.com.lb/ad/catch-apartement-for-sale-in-feytroun-ID117021649.html,Unknown,Unknown,Unknown,140000.0,224.0,625.0,2026-08-15 06:17
Dubizzle,https://www.olx.com.lb/ad/apartment-for-sale-in-halat-cpes263-ID116839368.html,Halat,Jbeil,Jbeil,260000.0,234.0,1111.1,2026-08-15 06:17
Dubizzle,https://www.olx.com.lb/ad/apartment-for-sale-in-rabweh-cpcf44-ID116816372.html,Rabweh,El Meten,El Meten,113000.0,90.0,1255.6,2026-08-15 06:17
Dubizzle,https://www.olx.com.lb/ad/apartment-for-sale-in-mseitbeh-ID116671835.html,Msaytbeh,Beirut,Moussaytbeh,380000.0,257.0,1478.6,2026-08-15 06:17
Dubizzle,https://www.olx.com.lb/ad/lux-furnished-apartment-4-sale-in-sodeco-beirut-%D8%A7%D9%84%D8%A3%D8%B4%D8%B1%D9%81%D9%8A%D8%A9-%D8%B3%D9%88%D8%AF%D9%8A%D9%83%D9%88-ID116380062.html,Sodeco,Beirut,Achrafieh,1100000.0,335.0,3283.6,2026-08-15 06:17
Dubizzle,https://www.olx.com.lb/ad/modern-apartment-for-sale-in-achrafiehlnear-sassine-ID116904403.html,Beirut,Unknown,Unknown,495000.0,165.0,3000.0,2026-08-15 06:17
Dubizzle,https://www.olx.com.lb/ad/%D8%B4%D9%82%D8%A9-105%D9%85-%D9%84%D9%84%D8%A8%D9%8A%D8%B9-%D9%81%D9%8A-%D8%B7%D8%B1%D9%8A%D9%82-%D8%A7%D9%84%D8%AC%D8%AF%D9%8A%D8%AF%D8%A9-%D9%85%D8%B4%D8%B1%D9%88%D8%B9-%D8%A7%D9%84%D8%B1%D8%A8%D9%8A%D8%B9-ID117028179.html,Tariq el Jdideh,Beirut,Mazraa,120000.0,105.0,1142.9,2026-08-15 06:17
Dubizzle,https://www.olx.com.lb/ad/%D9%81%D9%8A%D9%84%D8%A7-550%D9%85-%D9%84%D9%84%D8%A8%D9%8A%D8%B9-%D9%81%D9%8A-%D8%B4%D9%85%D9%84%D8%A7%D9%86-ID115885078.html,Shemlan,Aley,Aley,950000.0,950.0,1000.0,2026-08-15 06:17
Dubizzle,https://www.olx.com.lb/ad/apartment-for-sale-in-ferzol-%D8%B4%D9%82%D8%A9-%D9%84%D9%84%D8%A8%D9%8A%D8%B9-%D9%81%D9%8A-%D9%81%D8%B1%D8%B2%D9%84-ID117014238.html,Fourzol,Zahle,Zahle,110000.0,180.0,611.1,2026-08-15 06:17
Dubizzle,https://www.olx.com.lb/ad/3-bedrooms-apartment-for-sale-located-in-ras-al-nabaa-beirut-ID117013255.html,located in Ras Al Nabaa,Beirut,Mazraa,239000.0,160.0,1493.8,2026-08-15 06:17
Dubizzle,https://www.olx.com.lb/ad/3-bedrooms-apartment-for-sale-located-in-baabda-town-baabda-ID116995795.html,located in Baabda Town,Baabda,Baabda,475000.0,280.0,1696.4,2026-08-15 06:17
Dubizzle,https://www.olx.com.lb/ad/beautiful-140sqm-apartment-in-mar-chaaya-for-sale-ID116985783.html,Mar Chaaya,El Meten,El Meten,229000.0,140.0,1635.7,2026-08-15 06:17
Dubizzle,https://www.olx.com.lb/ad/3-bedrooms-apartment-for-sale-located-in-barbour-beirut-ID116964467.html,located in Barbour,Beirut,Mazraa,365000.0,180.0,2027.8,2026-08-15 06:17
Dubizzle,https://www.olx.com.lb/ad/3-bedrooms-duplex-for-sale-located-in-achrafieh-beirut-ID116956890.html,located in Achrafieh,Beirut,Achrafieh,1190000.0,340.0,3500.0,2026-08-15 06:17
Dubizzle,https://www.olx.com.lb/ad/3-bedroom-duplex-for-sale-in-blaybel-baabda-ID116950700.html,bedroom duplex for sale in Blaybel,Baabda,Baabda,180000.0,177.0,1016.9,2026-08-15 06:17
Dubizzle,https://www.olx.com.lb/ad/apartment-with-terrace-for-sale-in-dbaye-metn-ID116844900.html,apartment with terrace for sale in Dbaye,El Meten,El Meten,477000.0,226.0,2110.6,2026-08-15 06:17
Dubizzle,https://www.olx.com.lb/ad/apartment-for-sale-in-ghedres-gh393-%D8%B4%D9%82%D8%A9-%D9%84%D9%84%D8%A8%D9%8A%D8%B9-%D9%81%D9%8A-%D8%BA%D8%AF%D8%B1%D8%A7%D8%B3-ID117010147.html,Unknown,Unknown,Unknown,82000.0,125.0,656.0,2026-08-15 06:17
Dubizzle,https://www.olx.com.lb/ad/apartmemt-for-sale-at-dawhet-aaramoun-%D8%B4%D9%82%D8%A9-%D9%84%D9%84%D8%A8%D9%8A%D8%B9-%D8%AF%D9%88%D8%AD%D8%A9-%D8%B9%D8%B1%D9%85%D9%88%D9%86-ID116958375.html,Dawhet Aaramoun,Aley,Aley,130000.0,150.0,866.7,2026-08-15 06:17
Dubizzle,https://www.olx.com.lb/ad/apartment-for-sale-in-ballouneh-%D8%B4%D9%82%D8%A9-%D9%84%D9%84%D8%A8%D9%8A%D8%B9-%D9%81%D9%8A-%D8%A8%D9%84%D9%88%D9%86%D8%A9-cpkgk09-ID117013623.html,Unknown,Unknown,Unknown,450000.0,272.0,1654.4,2026-08-15 06:17
Dubizzle,https://www.olx.com.lb/ad/apartment-with-private-roof-for-sale-in-bsalim-%D8%B4%D9%82%D8%A9-%D9%84%D9%84%D8%A8%D9%8A%D8%B9-%D9%81%D9%8A-%D8%A8%D8%B3%D8%A7%D9%84%D9%8A%D9%85-ID116776042.html,Bsalim,El Meten,El Meten,380000.0,396.0,959.6,2026-08-15 06:17
Dubizzle,https://www.olx.com.lb/ad/ajaltoun-135m2-50m2-terrace-payment-facilities-mountain-view-to-ID116871208.html,Unknown,Unknown,Unknown,180000.0,135.0,1333.3,2026-08-15 06:17
Dubizzle,https://www.olx.com.lb/ad/apartment-for-sale-in-ras-beirut-%D8%B4%D9%82%D8%A9-%D9%84%D9%84%D8%A8%D9%8A%D8%B9-%D9%81%D9%8A-%D8%B1%D8%A7%D8%B3-%D8%A8%D9%8A%D8%B1%D9%88%D8%AA-cpbhs148-ID116973579.html,Ras Beirut,Beirut,Ras Beyrouth,435000.0,150.0,2900.0,2026-08-15 06:17
Dubizzle,https://www.olx.com.lb/ad/apartment-for-sale-in-mtayleb-amazing-view-new-ID117023923.html,Mtayleb,El Meten,El Meten,675000.0,250.0,2700.0,2026-08-15 06:17
Dubizzle,https://www.olx.com.lb/ad/165-sqm-decorated-apartment-in-douar-metn-with-mountain-view-ID116944791.html,SQM Decorated Apartment in Douar,El Meten,El Meten,156000.0,165.0,945.5,2026-08-15 06:17
Dubizzle,https://www.olx.com.lb/ad/prime-duplex-for-sale-in-rabieh-rare-opportunity-ID117011059.html,Rabieh,El Meten,El Meten,650000.0,450.0,1444.4,2026-08-15 06:17
Dubizzle,https://www.olx.com.lb/ad/apartment-for-sale-in-aisha-bakkar-kz-%D8%B4%D9%82%D8%A9-%D9%84%D9%84%D8%A8%D9%8A%D8%B9-%D9%81%D9%8A-%D8%B9%D8%A7%D8%A6%D8%B4%D8%A9-%D8%A8%D9%83%D8%A7%D8%B1-ID117024309.html,Aicha Bakkar,Beirut,Moussaytbeh,250000.0,140.0,1785.7,2026-08-15 06:17
Dubizzle,https://www.olx.com.lb/ad/furnished-apartment-with-terrace-for-sale-bsalim%D8%B4%D9%82%D8%A9-%D9%85%D9%81%D8%B1%D9%88%D8%B4%D8%A9-%D9%85%D8%B9-%D8%AA%D8%B1%D8%A7%D8%B3-ID117005522.html,Zalka,El Meten,El Meten,145000.0,160.0,906.2,2026-08-15 06:17
Dubizzle,https://www.olx.com.lb/ad/apartment-for-sale-in-jouret-al-ballout-metn-ID116804157.html,apartment for sale in Jouret Al Ballout,El Meten,El Meten,230000.0,155.0,1483.9,2026-08-15 06:17
Dubizzle,https://www.olx.com.lb/ad/brand-new-apartment-for-sale-in-mazraat-yachouh-metn-ID116796870.html,new apartment for sale in Mazraat Yachouh,El Meten,El Meten,200000.0,155.0,1290.3,2026-08-15 06:17
Dubizzle,https://www.olx.com.lb/ad/hot-deal-prime-location-apartment-for-sale-in-adma-go-ID117028163.html,Unknown,Unknown,Unknown,190000.0,190.0,1000.0,2026-08-15 06:17
Dubizzle,https://www.olx.com.lb/ad/apartment-for-sale-in-achrafieh-ID117016323.html,Beirut,Unknown,Unknown,340000.0,110.0,3090.9,2026-08-15 06:17
Dubizzle,https://www.olx.com.lb/ad/super-seluxe-for-sale-in-baabda-ID117008680.html,Baabda Town,Baabda,Baabda,795000.0,300.0,2650.0,2026-08-15 06:17
Dubizzle,https://www.olx.com.lb/ad/super-deluxe-for-sale-in-sin-el-phil-ID117008674.html,Sin El Fil,El Meten,El Meten,398000.0,180.0,2211.1,2026-08-15 06:17
Dubizzle,https://www.olx.com.lb/ad/appartment-for-sale-ID116827696.html,Bir Hassan,Beirut,Saifeh,340000.0,200.0,1700.0,2026-08-15 06:17
Dubizzle,https://www.olx.com.lb/ad/luxurious-apartment-for-sale-kfarhbab-go-ID117028161.html,Unknown,Unknown,Unknown,400000.0,300.0,1333.3,2026-08-15 06:17
Dubizzle,https://www.olx.com.lb/ad/fully-renovated-apartment-for-sale-adonis-zouk-mosbeh-wa-ID117017964.html,Unknown,Unknown,Unknown,165000.0,180.0,916.7,2026-08-15 06:17
Dubizzle,https://www.olx.com.lb/ad/jc-4236-apartment-for-sale-in-zouk-mikael-%D8%B4%D9%82%D8%A9-%D9%84%D9%84%D8%A8%D9%8A%D8%B9-%D9%81%D9%8A-%D8%B0%D9%88%D9%82-%D9%85%D9%83%D8%A7%D9%8A%D9%84-ID117007399.html,Unknown,Unknown,Unknown,140000.0,150.0,933.3,2026-08-15 06:17
Dubizzle,https://www.olx.com.lb/ad/apartment-for-sale-in-antelias-%D8%B4%D9%82%D8%A9-%D9%84%D9%84%D8%A8%D9%8A%D8%B9-%D9%81%D9%8A-%D8%A3%D9%86%D8%B7%D9%84%D9%8A%D8%A7%D8%B3-ID116987065.html,Antelias,El Meten,El Meten,135000.0,125.0,1080.0,2026-08-15 06:17
Dubizzle,https://www.olx.com.lb/ad/bolonia-mrouj-signature-300m%C2%B2-triplex-unique-catch-class-a-area-ID116947321.html,Mrouj,El Meten,El Meten,249900.0,300.0,833.0,2026-08-15 06:17
Dubizzle,https://www.olx.com.lb/ad/hot-deal-prime-achrafieh-apartment-for-sale-investment-opportunity-ID116559605.html,Beirut,Unknown,Unknown,250000.0,155.0,1612.9,2026-08-15 06:17
Dubizzle,https://www.olx.com.lb/ad/hot-deal-apartment-for-sale-ghazir-go-ID117028151.html,Unknown,Unknown,Unknown,360000.0,430.0,837.2,2026-08-15 06:17
Dubizzle,https://www.olx.com.lb/ad/fully-1br-furnished-apartement-w-private-beach-access-in-fidar-byblos-ID116381292.html,Fidar,Jbeil,Jbeil,119000.0,65.0,1830.8,2026-08-15 06:17
Dubizzle,https://www.olx.com.lb/ad/apartment-for-sale-in-hamra-%D8%B4%D9%82%D8%A9-%D9%84%D9%84%D8%A8%D9%8A%D8%B9-%D9%81%D9%8A-%D8%A7%D9%84%D8%AD%D9%85%D8%B1%D8%A7-ID117018997.html,Hamra,Beirut,Ras Beyrouth,275000.0,170.0,1617.6,2026-08-15 06:17
Dubizzle,https://www.olx.com.lb/ad/apartment-for-sale-in-koraytem-%D8%B4%D9%82%D8%A9-%D9%84%D9%84%D8%A8%D9%8A%D8%B9-%D9%81%D9%8A-%D9%82%D8%B1%D9%8A%D8%B7%D9%85-ID117016011.html,Koraytem,Beirut,Ras Beyrouth,1100000.0,450.0,2444.4,2026-08-15 06:17
Dubizzle,https://www.olx.com.lb/ad/apartment-for-sale-in-koraytem-%D8%B4%D9%82%D8%A9-%D9%84%D9%84%D8%A8%D9%8A%D8%B9-%D9%81%D9%8A-%D9%82%D8%B1%D9%8A%D8%B7%D9%85-ID116938125.html,Koraytem,Beirut,Ras Beyrouth,850000.0,270.0,3148.1,2026-08-15 06:17
Dubizzle,https://www.olx.com.lb/ad/under-construction-apartments-in-aisha-bakar-%D8%B4%D9%82%D9%82-%D9%84%D9%84%D8%A8%D9%8A%D8%B9-%D9%81%D9%8A-%D8%B9%D8%A7%D8%A6%D8%B4%D8%A9-%D8%A8%D9%83%D8%A7%D8%B1-ID116898359.html,Aicha Bakkar,Beirut,Moussaytbeh,250000.0,100.0,2500.0,2026-08-15 06:17
Dubizzle,https://www.olx.com.lb/ad/apartment-for-sale-in-ashrafieh-%D8%B4%D9%82%D8%A9-%D9%84%D9%84%D8%A8%D9%8A%D8%B9-%D9%81%D9%8A-%D8%A7%D9%84%D8%A7%D8%B4%D8%B1%D9%81%D9%8A%D8%A9-ID116985046.html,Beirut,Unknown,Unknown,230000.0,95.0,2421.1,2026-08-15 06:17
Dubizzle,https://www.olx.com.lb/ad/ballouneth-appartement-hot-deal-ID116912399.html,Unknown,Unknown,Unknown,155000.0,240.0,645.8,2026-08-15 06:17
Dubizzle,https://www.olx.com.lb/ad/duplex-bleibel-baabda-ID116901782.html,Blaybel,Baabda,Baabda,150000.0,200.0,750.0,2026-08-15 06:17
Dubizzle,https://www.olx.com.lb/ad/house-for-sale-located-batro%C3%BBn-20-min-away-ID116551771.html,Batroun Town,El Batroun,El Batroun,300000.0,400.0,750.0,2026-08-15 06:17
Dubizzle,https://www.olx.com.lb/ad/spacious-apartment-for-sale-ghazir-kfarhbab-go-ID117028133.html,Unknown,Unknown,Unknown,330000.0,420.0,785.7,2026-08-15 06:17
Dubizzle,https://www.olx.com.lb/ad/apartment-for-sale-in-ghazir-%D8%B4%D9%82%D8%A9-%D9%84%D9%84%D8%A8%D9%8A%D8%B9-%D9%81%D9%8A-%D8%BA%D8%B2%D9%8A%D8%B1-ID117028128.html,Unknown,Unknown,Unknown,280000.0,230.0,1217.4,2026-08-15 06:17
Dubizzle,https://www.olx.com.lb/ad/apartment-for-sale-in-qornet-chehwan-%D8%B4%D9%82%D8%A9-%D9%84%D9%84%D8%A8%D9%8A%D8%B9-%D9%81%D9%8A-%D9%82%D8%B1%D9%86%D8%A9-%D8%B4%D9%87%D9%88%D8%A7%D9%86-ID116925615.html,Cornet Chahwan,El Meten,El Meten,320000.0,248.0,1290.3,2026-08-15 06:17
Dubizzle,https://www.olx.com.lb/ad/apartment-for-sale-in-acharfieh---%D8%B4%D9%82%D8%A9-%D9%84%D9%84%D8%A8%D9%8A%D8%B9-%D9%81%D9%8A-%D8%A7%D9%84%D8%A3%D8%B4%D8%B1%D9%81%D9%8A%D8%A9-ID116921307.html,Beirut,Unknown,Unknown,679000.0,180.0,3772.2,2026-08-15 06:17
Dubizzle,https://www.olx.com.lb/ad/roof-for-sale-with-sea-view-in-batroun-ID116891360.html,Batroun Town,El Batroun,El Batroun,120000.0,80.0,1500.0,2026-08-15 06:17
Dubizzle,https://www.olx.com.lb/ad/apartment-for-sale-in-achrafieh-%D8%B4%D9%82%D8%A9-%D9%84%D9%84%D8%A8%D9%8A%D8%B9-%D9%81%D9%8A-%D8%A7%D9%84%D8%A3%D8%B4%D8%B1%D9%81%D9%8A%D8%A9-ID116867320.html,Beirut,Unknown,Unknown,699000.0,200.0,3495.0,2026-08-15 06:17
Dubizzle,https://www.olx.com.lb/ad/jeita-165m2-100m2-terrace-prime-location-excellent-condition-o-ID116980888.html,Unknown,Unknown,Unknown,170000.0,165.0,1030.3,2026-08-15 06:17
Dubizzle,https://www.olx.com.lb/ad/ajaltoun-240m2-43m2-garden-high-end-panoramic-view-brand-new-ID111257228.html,Unknown,Unknown,Unknown,335000.0,240.0,1395.8,2026-08-15 06:17
Dubizzle,https://www.olx.com.lb/ad/apartment-for-sale-in-elissar-%D8%B4%D9%82%D8%A9-%D9%84%D9%84%D8%A8%D9%8A%D8%B9-%D9%81%D9%8A-%D8%A7%D9%84%D9%8A%D8%B3%D8%A7%D8%B1-ID116777000.html,Elissar,El Meten,El Meten,315000.0,270.0,1166.7,2026-08-15 06:17
Dubizzle,https://www.olx.com.lb/ad/apartment-for-sale-in-dawhet-lacite-%D8%B4%D9%82%D8%A9-%D9%85%D8%B9-%D8%A7%D8%B7%D9%84%D8%A7%D9%84%D8%A9-%D9%84%D9%84%D8%A8%D9%8A%D8%B9-%D9%81%D9%8A-%D8%AF%D9%88%D8%AD%D8%A9-%D9%84%D8%A7%D8%B3%D9%8A%D8%AA%D9%87-ID116057457.html,Dawhet el Hoss,Aley,Aley,240000.0,240.0,1000.0,2026-08-15 06:17
Dubizzle,https://www.olx.com.lb/ad/apartment-for-sale-in-louaizeh-ref-jz144-ID117019783.html,Louaizeh,Baabda,Baabda,170000.0,120.0,1416.7,2026-08-15 06:17
Dubizzle,https://www.olx.com.lb/ad/exclusive-apartment-for-sale-in-hazmieh-prime-gated-community-living-ID116874728.html,Hazmieh,Baabda,Baabda,500000.0,250.0,2000.0,2026-08-15 06:17
Dubizzle,https://www.olx.com.lb/ad/duplex-for-sale-in-naccache-cplo28-ID116974828.html,Naccache,El Meten,El Meten,310000.0,220.0,1409.1,2026-08-15 06:17
Dubizzle,https://www.olx.com.lb/ad/apartment-for-sale-in-mar-elias-%D8%B4%D9%82%D8%A9-%D9%84%D9%84%D8%A8%D9%8A%D8%B9-%D9%81%D9%8A-%D9%85%D8%A7%D8%B1-%D8%A7%D9%84%D9%8A%D8%A7%D8%B3-ID116522525.html,Mar Elias,Beirut,Moussaytbeh,320000.0,190.0,1684.2,2026-08-15 06:17
Dubizzle,https://www.olx.com.lb/ad/apartment-for-sale-in-antelias-cpes240-ID116749071.html,Antelias,El Meten,El Meten,800000.0,255.0,3137.3,2026-08-15 06:17
Dubizzle,https://www.olx.com.lb/ad/appartment-in-broumana-253m2-sea-view-for-sale-%D8%B4%D9%82%D8%A9-%D9%81%D9%8A-%D8%A8%D8%B9%D8%A8%D8%AF%D8%A7%D8%AA-%D9%84%D9%84%D8%A8%D9%8A%D8%B9-ID116691283.html,Broummana,El Meten,El Meten,460000.0,253.0,1818.2,2026-08-15 06:17
Dubizzle,https://www.olx.com.lb/ad/high-end-apartment-for-sale-in-achrafieh-%D8%B4%D9%82%D8%A9-%D9%84%D9%84%D8%A8%D9%8A%D8%B9-%D9%81%D9%8A-%D8%A7%D9%84%D8%A3%D8%B4%D8%B1%D9%81%D9%8A%D8%A9-ID116763800.html,Beirut,Unknown,Unknown,820000.0,176.0,4659.1,2026-08-15 06:17
Dubizzle,https://www.olx.com.lb/ad/apartment-for-sale-in-acharfieh-%D8%B4%D9%82%D8%A9-%D9%84%D9%84%D8%A8%D9%8A%D8%B9-%D9%81%D9%8A-%D8%A7%D9%84%D8%A3%D8%B4%D8%B1%D9%81%D9%8A%D8%A9-ID116737915.html,Beirut,Unknown,Unknown,660000.0,200.0,3300.0,2026-08-15 06:17
Dubizzle,https://www.olx.com.lb/ad/apartment-for-sale-in-achrafieh-%D8%B4%D9%82%D8%A9-%D9%84%D9%84%D8%A8%D9%8A%D8%B9-%D9%81%D9%8A-%D8%A7%D9%84%D8%A3%D8%B4%D8%B1%D9%81%D9%8A%D8%A9-ID116687462.html,Beirut,Unknown,Unknown,320000.0,85.0,3764.7,2026-08-15 06:17
Dubizzle,https://www.olx.com.lb/ad/duplex-for-sale-in-achrafieh-%D8%B4%D9%82%D8%A9-%D9%84%D9%84%D8%A8%D9%8A%D8%B9-%D9%81%D9%8A-%D8%A7%D9%84%D8%A3%D8%B4%D8%B1%D9%81%D9%8A%D8%A9-ID116628343.html,Beirut,Unknown,Unknown,699000.0,260.0,2688.5,2026-08-15 06:17
Dubizzle,https://www.olx.com.lb/ad/2-years-payment-plan-lofts-for-sale-in-achrafieh-ID116474386.html,Beirut,Unknown,Unknown,400000.0,127.0,3149.6,2026-08-15 06:17
Dubizzle,https://www.olx.com.lb/ad/terrace-duplex-for-sale-in-achrafieh-%D8%B4%D9%82%D8%A9-%D9%84%D9%84%D8%A8%D9%8A%D8%B9-%D9%81%D9%8A-%D8%A7%D9%84%D8%A3%D8%B4%D8%B1%D9%81%D9%8A%D8%A9-ID116346529.html,Beirut,Unknown,Unknown,1050000.0,335.0,3134.3,2026-08-15 06:17
Dubizzle,https://www.olx.com.lb/ad/apartment-for-sale-in-achrafieh-%D8%B4%D9%82%D8%A9-%D9%84%D9%84%D8%A8%D9%8A%D8%B9-%D9%81%D9%8A-%D8%A7%D9%84%D8%A3%D8%B4%D8%B1%D9%81%D9%8A%D8%A9-ID116253412.html,Beirut,Unknown,Unknown,560000.0,174.0,3218.4,2026-08-15 06:17
Dubizzle,https://www.olx.com.lb/ad/zouk-mikael-120m2-30m2-garden-brand-new-calm-street-eh-ID115869394.html,Unknown,Unknown,Unknown,185000.0,120.0,1541.7,2026-08-15 06:17
Dubizzle,https://www.olx.com.lb/ad/zouk-mikael-150m2-calm-location-dead-end-street-view-eh-ID115866216.html,Unknown,Unknown,Unknown,130000.0,150.0,866.7,2026-08-15 06:17
Dubizzle,https://www.olx.com.lb/ad/ballouneh-200m2-super-luxurious-fully-furnished-open-view-to-ID115827125.html,Unknown,Unknown,Unknown,225000.0,200.0,1125.0,2026-08-15 06:17
Dubizzle,https://www.olx.com.lb/ad/zouk-mikael-200m2-40m2-terrace-new-panoramic-view-luxury-eh-ID115815191.html,Unknown,Unknown,Unknown,300000.0,200.0,1500.0,2026-08-15 06:17
Dubizzle,https://www.olx.com.lb/ad/ajaltoun-150m2-fully-furnished-open-view-luxurious-catch-wa-ID115784029.html,Unknown,Unknown,Unknown,160000.0,150.0,1066.7,2026-08-15 06:17
Dubizzle,https://www.olx.com.lb/ad/new-sheileh-205m2-under-construction-view-payment-facilities-ac-ID115701645.html,Unknown,Unknown,Unknown,325000.0,205.0,1585.4,2026-08-15 06:17
Dubizzle,https://www.olx.com.lb/ad/ballouneh-170m2-60m2-garden-sea-view-ultra-prime-location-ac-ID115675037.html,Unknown,Unknown,Unknown,190000.0,170.0,1117.6,2026-08-15 06:17
Dubizzle,https://www.olx.com.lb/ad/adonis-230m2-40m2-rooftop-high-end-fully-furnished-els-ID115624472.html,Unknown,Unknown,Unknown,250000.0,230.0,1087.0,2026-08-15 06:17
Dubizzle,https://www.olx.com.lb/ad/adonis-200m2-brand-new-flat-high-end-elmch-ID115577850.html,Unknown,Unknown,Unknown,300000.0,200.0,1500.0,2026-08-15 06:17
Dubizzle,https://www.olx.com.lb/ad/dbayeh-waterfront-100m2-sea-view-furnished-gated-community-mj-ID115575750.html,Dbaye,El Meten,El Meten,450000.0,100.0,4500.0,2026-08-15 06:17
Dubizzle,https://www.olx.com.lb/ad/ballouneh-155m2-40m2-terrace-furnished-apartment-luxury-el-ID115497040.html,Unknown,Unknown,Unknown,135000.0,155.0,871.0,2026-08-15 06:17
Dubizzle,https://www.olx.com.lb/ad/ballouneh-150m2-90m2-terrace-duplex-panoramic-view-high-end-ID115482778.html,Unknown,Unknown,Unknown,270000.0,150.0,1800.0,2026-08-15 06:17
Dubizzle,https://www.olx.com.lb/ad/zouk-mikael-225m2-180m2-terrace-perfect-condition-view-iv-ID115465885.html,Unknown,Unknown,Unknown,285000.0,225.0,1266.7,2026-08-15 06:17
Dubizzle,https://www.olx.com.lb/ad/sarba-150m2-prime-location-fully-furnished-to-ID115460689.html,Unknown,Unknown,Unknown,160000.0,150.0,1066.7,2026-08-15 06:17
Dubizzle,https://www.olx.com.lb/ad/bouar-110m2-new-apartment-luxury-swimming-pool-view-ID115376627.html,Unknown,Unknown,Unknown,130000.0,110.0,1181.8,2026-08-15 06:17
Dubizzle,https://www.olx.com.lb/ad/ajaltoun-125m2-super-luxurious-prime-location-unique-property-ID115340346.html,Unknown,Unknown,Unknown,145000.0,125.0,1160.0,2026-08-15 06:17
Dubizzle,https://www.olx.com.lb/ad/apartment-for-sale-in-achrafieh-%D8%B4%D9%82%D8%A9-%D9%84%D9%84%D8%A8%D9%8A%D8%B9-%D9%81%D9%8A-%D8%A7%D9%84%D8%A3%D8%B4%D8%B1%D9%81%D9%8A%D8%A9-ID115314798.html,Beirut,Unknown,Unknown,549000.0,175.0,3137.1,2026-08-15 06:17
Dubizzle,https://www.olx.com.lb/ad/sheileh-175m2-60m2-terrace-super-luxury-perfect-condition-to-ID115264834.html,Unknown,Unknown,Unknown,149000.0,175.0,851.4,2026-08-15 06:17
Dubizzle,https://www.olx.com.lb/ad/sahel-alma-400m2-new-duplex-luxury-panoramic-view-iv-ID115181947.html,Unknown,Unknown,Unknown,350000.0,270.0,1296.3,2026-08-15 06:17
Dubizzle,https://www.olx.com.lb/ad/kfarhbab-140m2-under-construction-high-end-astonishing-view-ID115157347.html,Unknown,Unknown,Unknown,196000.0,140.0,1400.0,2026-08-15 06:17
Dubizzle,https://www.olx.com.lb/ad/zouk-mosbeh-180m2-excellent-condition-high-end-panoramic-view-ID114281660.html,Unknown,Unknown,Unknown,160000.0,180.0,888.9,2026-08-15 06:17
Dubizzle,https://www.olx.com.lb/ad/zouk-mikael-200m2-100m2-terrace-brand-new-high-end-open-view-ID111639776.html,Unknown,Unknown,Unknown,230000.0,200.0,1150.0,2026-08-15 06:17
Dubizzle,https://www.olx.com.lb/ad/villa-for-sale-in-faqra-yards-%D9%81%D9%8A%D9%84%D8%A7-%D9%84%D9%84%D8%A8%D9%8A%D8%B9-%D9%81%D9%8A-%D9%81%D9%82%D8%B1%D8%A7-%D9%8A%D8%A7%D8%B1%D8%AF%D8%B3-ID116860831.html,Unknown,Unknown,Unknown,1200000.0,400.0,3000.0,2026-08-15 06:17
Dubizzle,https://www.olx.com.lb/ad/apartment-for-sale-in-fanar-%D8%B4%D9%82%D8%A9-%D9%84%D9%84%D8%A8%D9%8A%D8%B9-%D9%81%D9%8A-%D8%A7%D9%84%D9%81%D9%86%D8%A7%D8%B1-cpjw21-ID116969344.html,Fanar,El Meten,El Meten,220000.0,120.0,1833.3,2026-08-15 06:17
Dubizzle,https://www.olx.com.lb/ad/apartment-for-sale-in-qornet-el-hamra-housing-loan-esken-cpes219-ID116606881.html,Qornet El Hamra,El Meten,El Meten,185000.0,150.0,1233.3,2026-08-15 06:17
Dubizzle,https://www.olx.com.lb/ad/275-sqm-apartment-in-sehayleh-with-full-sea-%26-city-view-ID116932973.html,Unknown,Unknown,Unknown,225000.0,275.0,818.2,2026-08-15 06:17
Dubizzle,https://www.olx.com.lb/ad/duplex-for-sale-in-sfeila-%D8%AF%D9%88%D8%A8%D9%84%D9%8A%D9%83%D8%B3-%D9%84%D9%84%D8%A8%D9%8A%D8%B9-%D9%81%D9%8A-%D8%B3%D9%81%D9%8A%D9%84%D8%A9-ID116616194.html,Sfayla,El Meten,El Meten,350000.0,340.0,1029.4,2026-08-15 06:17
Dubizzle,https://www.olx.com.lb/ad/apartment-for-sale-in-antounieh-baabda-cpdd30-ID116679092.html,Baabda Town,Baabda,Baabda,310000.0,185.0,1675.7,2026-08-15 06:17
Dubizzle,https://www.olx.com.lb/ad/apartment-for-sale-in-sodeco-%D8%B4%D9%82%D8%A9-%D9%84%D9%84%D8%A8%D9%8A%D8%B9-%D9%81%D9%8A-%D8%B3%D9%88%D8%AF%D9%8A%D9%83%D9%88-r2793-ID116658836.html,Sodeco,Beirut,Achrafieh,525000.0,140.0,3750.0,2026-08-15 06:17
Dubizzle,https://www.olx.com.lb/ad/seaview-towhouse-for-sale-in-dahr-el-sawan-baabdat-ID117015721.html,Baabdat,El Meten,El Meten,970000.0,423.0,2293.1,2026-08-15 06:17
Dubizzle,https://www.olx.com.lb/ad/ballouneh-350m2-150m2-garden-super-luxurious-catch-my-ID116021064.html,Unknown,Unknown,Unknown,300000.0,350.0,857.1,2026-08-15 06:17
Dubizzle,https://www.olx.com.lb/ad/125-m2-apartment-for-sale-in-dikwene-furnished-option--gh54.a.155-ID116922605.html,Mar Roukoz,El Meten,El Meten,138000.0,125.0,1104.0,2026-08-15 06:17
Dubizzle,https://www.olx.com.lb/ad/ballouneh-250m2-80m2-terrace-duplex-brand-new-ID106144700.html,Unknown,Unknown,Unknown,200000.0,250.0,800.0,2026-08-15 06:17
Dubizzle,https://www.olx.com.lb/ad/ballouneh-210m2-duplex-100m2-garden-brand-new-open-view-ID104515386.html,Unknown,Unknown,Unknown,380000.0,210.0,1809.5,2026-08-15 06:17
Dubizzle,https://www.olx.com.lb/ad/zouk-mosbeh-155m2-open-view-decorated-calm-area-el-ID116433064.html,Unknown,Unknown,Unknown,160000.0,155.0,1032.3,2026-08-15 06:17
Dubizzle,https://www.olx.com.lb/ad/ballouneh-500m2-120m2-terrace-duplex-astonishing-view-ksba-ID116426116.html,Unknown,Unknown,Unknown,420000.0,500.0,840.0,2026-08-15 06:17
Dubizzle,https://www.olx.com.lb/ad/spacious-flat-charming-prime-location-ID116416577.html,Verdun,Beirut,Moussaytbeh,600000.0,201.0,2985.1,2026-08-15 06:17
Dubizzle,https://www.olx.com.lb/ad/aley-823m2-super-luxury-villa-3-floors-premium-finishes-viewb-ID116394574.html,Aley Town,Aley,Aley,1200000.0,823.0,1458.1,2026-08-15 06:17
Dubizzle,https://www.olx.com.lb/ad/kfour-120m2-175m2-garden-terrace-brand-new-luxury-ID116274363.html,Unknown,Unknown,Unknown,220000.0,120.0,1833.3,2026-08-15 06:17
Dubizzle,https://www.olx.com.lb/ad/sheileh-200m2-luxury-100m2-terrace-dead-end-street-ac-ID116273880.html,Unknown,Unknown,Unknown,320000.0,200.0,1600.0,2026-08-15 06:17
Dubizzle,https://www.olx.com.lb/ad/ballouneh-145m2-panoramic-sea-view-luxurious-private-street-ac-ID116233647.html,Unknown,Unknown,Unknown,200000.0,145.0,1379.3,2026-08-15 06:17
Dubizzle,https://www.olx.com.lb/ad/bekaatit-kanaan-330m2-furnished-villa-unbeatable-view-kh-ID116230023.html,Unknown,Unknown,Unknown,450000.0,330.0,1363.6,2026-08-15 06:17
Dubizzle,https://www.olx.com.lb/ad/ajaltoun-100m2-fully-furnished-mint-condition-mountain-view-da-ID116133768.html,Unknown,Unknown,Unknown,100000.0,100.0,1000.0,2026-08-15 06:17
Dubizzle,https://www.olx.com.lb/ad/sheileh-185m2-excellent-condition-panoramic-view-luxurious-catch-ID116121539.html,Unknown,Unknown,Unknown,160000.0,185.0,864.9,2026-08-15 06:17
Dubizzle,https://www.olx.com.lb/ad/ballouneh-118m2-55m2-terrace-furnished-luxury-view-to-ID116091057.html,Unknown,Unknown,Unknown,143000.0,118.0,1211.9,2026-08-15 06:17
Dubizzle,https://www.olx.com.lb/ad/ballouneh-175m2-fully-furnished-luxurious-open-view-at-ID116087779.html,Unknown,Unknown,Unknown,145000.0,175.0,828.6,2026-08-15 06:17
Dubizzle,https://www.olx.com.lb/ad/ajaltoun-400m2-2700m2-land-luxury-villa-classy-area-wa-ID116057846.html,Unknown,Unknown,Unknown,900000.0,400.0,2250.0,2026-08-15 06:17
Dubizzle,https://www.olx.com.lb/ad/ghazir-200m2-150m2-terrace-flat-prime-location-iv-ID116050046.html,Unknown,Unknown,Unknown,275000.0,200.0,1375.0,2026-08-15 06:17
Dubizzle,https://www.olx.com.lb/ad/ajaltoun-250m2-well-maintained-mountain-view-calm-area-da-ID116031823.html,Unknown,Unknown,Unknown,220000.0,250.0,880.0,2026-08-15 06:17
Dubizzle,https://www.olx.com.lb/ad/ghosta-800m2-building-for-sale-3-apartments-high-end-catch-ac-ID116008239.html,Unknown,Unknown,Unknown,820000.0,800.0,1025.0,2026-08-15 06:17
Dubizzle,https://www.olx.com.lb/ad/zouk-mosbeh-145m2-sea-view-prime-location-catch-ch-ID116007868.html,Unknown,Unknown,Unknown,140000.0,145.0,965.5,2026-08-15 06:17
Dubizzle,https://www.olx.com.lb/ad/sahel-alma-280m2-panoramic-view-prime-location-new-iv-ID116007557.html,Unknown,Unknown,Unknown,325000.0,300.0,1083.3,2026-08-15 06:17
Dubizzle,https://www.olx.com.lb/ad/sarba-150m2-brand-new-panoramic-view-quiet-street-eh-ID116004605.html,Unknown,Unknown,Unknown,165000.0,150.0,1100.0,2026-08-15 06:17
Dubizzle,https://www.olx.com.lb/ad/ajaltoun-200m2-private-street-fully-furnished-mountain-view-el-ID115999914.html,Unknown,Unknown,Unknown,144000.0,200.0,720.0,2026-08-15 06:17
Dubizzle,https://www.olx.com.lb/ad/sheileh-175m2-rooftop-150m2-terrace-astonishing-view-ac-ID115998248.html,Unknown,Unknown,Unknown,300000.0,175.0,1714.3,2026-08-15 06:17
Dubizzle,https://www.olx.com.lb/ad/hazmiyehmar-takla-400m2-30m2-terrace-calm-area-open-view-pa-ID115996180.html,Hazmieh,Baabda,Baabda,800000.0,400.0,2000.0,2026-08-15 06:17
Dubizzle,https://www.olx.com.lb/ad/zouk-mikael-205m2-brand-new-panoramic-view-prime-location-eh-ID115956701.html,Unknown,Unknown,Unknown,215000.0,205.0,1048.8,2026-08-15 06:17
Dubizzle,https://www.olx.com.lb/ad/sahel-alma-330m2-prime-location-high-end-flat-elo-ID115951360.html,Unknown,Unknown,Unknown,299000.0,330.0,906.1,2026-08-15 06:17
Dubizzle,https://www.olx.com.lb/ad/ballouneh-380m2-duplex-prime-location-private-street-ac-ID115873377.html,Unknown,Unknown,Unknown,425000.0,380.0,1118.4,2026-08-15 06:17
Dubizzle,https://www.olx.com.lb/ad/kfarhbab-180m2-70m2-terrace-brand-new-prime-location-ehiv-ID116898885.html,Unknown,Unknown,Unknown,240000.0,180.0,1333.3,2026-08-15 06:17
Dubizzle,https://www.olx.com.lb/ad/ajaltoun-200m2-180m2-terracegarden-payment-facilities-calm-to-ID116898516.html,Unknown,Unknown,Unknown,365000.0,200.0,1825.0,2026-08-15 06:17
Dubizzle,https://www.olx.com.lb/ad/okaibeh-201m2-150m2-garden-quiet-area-dead-end-street-mch-ID116856025.html,Unknown,Unknown,Unknown,181000.0,201.0,900.5,2026-08-15 06:17
Dubizzle,https://www.olx.com.lb/ad/okaibeh-209m2-rooftop-duplex-astonishing-view-mch-ID116855915.html,Unknown,Unknown,Unknown,188000.0,209.0,899.5,2026-08-15 06:17
Dubizzle,https://www.olx.com.lb/ad/baabdat-120m2-prime-location-renovated-view-catch-tch-ID116823116.html,Baabdat,El Meten,El Meten,130000.0,120.0,1083.3,2026-08-15 06:17
Dubizzle,https://www.olx.com.lb/ad/achkout-200m2-120m2-terrace-open-view-classic-da-ID116822696.html,Unknown,Unknown,Unknown,165000.0,200.0,825.0,2026-08-15 06:17
Dubizzle,https://www.olx.com.lb/ad/sahel-alma-165m2-brand-new-standard-panoramic-view-ehiv-ID116743944.html,Unknown,Unknown,Unknown,185000.0,165.0,1121.2,2026-08-15 06:17
Dubizzle,https://www.olx.com.lb/ad/under-construction-apartment-for-sale-in-mazraat-yachouh-cpmf39-ID116655180.html,Mazraat Yachouh,El Meten,El Meten,200000.0,140.0,1428.6,2026-08-15 06:17
Dubizzle,https://www.olx.com.lb/ad/luxurious-villa-for-sale-in-mechref-%D9%81%D9%8A%D9%84%D8%A7-%D9%81%D8%A7%D8%AE%D8%B1%D8%A9-%D9%84%D9%84%D8%A8%D9%8A%D8%B9-%D9%81%D9%8A-%D9%85%D8%B4%D8%B1%D9%81-ID116394136.html,Mechref,Chouf,Chouf,4500000.0,1350.0,3333.3,2026-08-15 06:17
Dubizzle,https://www.olx.com.lb/ad/apartment-for-sale-in-beit-el-kiko-chr24-%D8%B4%D9%82%D8%A9-%D9%84%D9%84%D8%A8%D9%8A%D8%B9-%D9%81%D9%8A-%D8%A8%D9%8A%D8%AA-%D8%A7%D9%84%D9%83%D9%8A%D9%83%D9%88-ID116962460.html,Beit El Kiko,El Meten,El Meten,235000.0,170.0,1382.4,2026-08-15 06:17
Dubizzle,https://www.olx.com.lb/ad/apartment-for-sale-in-achrafieh-%7C-new-building-%7C-full-decorated-ID116922783.html,Beirut,Unknown,Unknown,495000.0,170.0,2911.8,2026-08-15 06:17
Dubizzle,https://www.olx.com.lb/ad/apartment-for-sale-ain-saadeh-sea-view-%D8%B4%D9%82%D8%A9-%D9%84%D9%84%D8%A8%D9%8A%D8%B9-%D9%81%D9%8A-%D8%B9%D9%8A%D9%86-%D8%B3%D8%B9%D8%A7%D8%AF%D8%A9-ID116036804.html,Ain Saadeh,El Meten,El Meten,420000.0,225.0,1866.7,2026-08-15 06:17
Dubizzle,https://www.olx.com.lb/ad/apartment-for-sale-in-fanar-%D8%B4%D9%82%D8%A9-%D9%84%D9%84%D8%A8%D9%8A%D8%B9-%D9%81%D9%8A-%D8%A7%D9%84%D9%81%D9%86%D8%A7%D8%B1-cpjw21-ID116969344.html,Fanar,El Meten,El Meten,220000.0,120.0,1833.3,2026-08-15 06:17
Dubizzle,https://www.olx.com.lb/ad/apartment-for-sale-in-dbayeh-%D8%B4%D9%82%D8%A9-%D9%84%D9%84%D8%A8%D9%8A%D8%B9-%D9%81%D9%8A-%D8%B6%D8%A8%D9%8A%D9%87-ID116906686.html,Dbaye,El Meten,El Meten,335000.0,300.0,1116.7,2026-08-15 06:17
Dubizzle,https://www.olx.com.lb/ad/apartments-for-sale-in-ballouneh-ref-87244627at-ID117001762.html,Unknown,Unknown,Unknown,135000.0,80.0,1687.5,2026-08-15 06:17
Dubizzle,https://www.olx.com.lb/ad/ballouneh-115m2-%7C-new-%7C-mountain-view-%7C-luxurious-%7C-catch-%7C-ID116929557.html,Unknown,Unknown,Unknown,125000.0,115.0,1087.0,2026-08-15 06:17
Dubizzle,https://www.olx.com.lb/ad/sheileh-200m2-120m2-garden-private-street-prime-location-wa-ID116050940.html,Unknown,Unknown,Unknown,200000.0,200.0,1000.0,2026-08-15 06:17
Dubizzle,https://www.olx.com.lb/ad/apartment-for-sale-in-chouit-ID117015001.html,Chouit,Baabda,Baabda,230000.0,185.0,1243.2,2026-08-15 06:17
Dubizzle,https://www.olx.com.lb/ad/zouk-mikael-130m2-calm-area-prime-location-well-maintainedehel-ID116743925.html,Unknown,Unknown,Unknown,90000.0,130.0,692.3,2026-08-15 06:17
Dubizzle,https://www.olx.com.lb/ad/ballouneh-120m2-120m2-rooftop-under-construction-unique-ga-ID116690524.html,Unknown,Unknown,Unknown,225000.0,120.0,1875.0,2026-08-15 06:17
Dubizzle,https://www.olx.com.lb/ad/mazraat-yachouh-155m2-100m2-rooftop-panoramic-view-new-joew-ID116663484.html,Mazraat Yachouh,El Meten,El Meten,266500.0,155.0,1719.4,2026-08-15 06:17
Dubizzle,https://www.olx.com.lb/ad/sabtieh-115m2-furnished-dead-end-street-calm-area-catch-aajo-ID116571320.html,Sabtieh,El Meten,El Meten,130000.0,115.0,1130.4,2026-08-15 06:17
Dubizzle,https://www.olx.com.lb/ad/biyyada-200m2-unlockable-view-private-street-oh-ID116569463.html,Biyada,El Meten,El Meten,420000.0,200.0,2100.0,2026-08-15 06:17
Dubizzle,https://www.olx.com.lb/ad/safra-135m2-60m2-terrace-furnished-duplex-calm-area-aba-ID116473612.html,Unknown,Unknown,Unknown,185000.0,135.0,1370.4,2026-08-15 06:17
Dubizzle,https://www.olx.com.lb/ad/halat-120m2-60m2-terrace-sea-view-luxury-aba-ID116473567.html,Halat,Jbeil,Jbeil,120000.0,120.0,1000.0,2026-08-15 06:17
Dubizzle,https://www.olx.com.lb/ad/antelias-230m2-decorated-high-floor-brand-new-pa-ID116433575.html,Antelias,El Meten,El Meten,520000.0,230.0,2260.9,2026-08-15 06:17
Dubizzle,https://www.olx.com.lb/ad/sahel-alma-260m2-90m2-gardenterrace-classy-area-high-end-iv-ID116433204.html,Unknown,Unknown,Unknown,350000.0,260.0,1346.2,2026-08-15 06:17
Dubizzle,https://www.olx.com.lb/ad/spacious-apartment-for-sale-kfarhbab-go-ID117028120.html,Unknown,Unknown,Unknown,190000.0,210.0,904.8,2026-08-15 06:17
Dubizzle,https://www.olx.com.lb/ad/zouk-mosbeh-115m2-brand-new-many-floors-available-catch-eh-rh-ID116982406.html,Unknown,Unknown,Unknown,165000.0,115.0,1434.8,2026-08-15 06:17
Dubizzle,https://www.olx.com.lb/ad/rabieh-490m2-terrace-garden-private-pool-villa-view-jb-ID116982354.html,Rabieh,El Meten,El Meten,1450000.0,490.0,2959.2,2026-08-15 06:17
Dubizzle,https://www.olx.com.lb/ad/feytroun-70m2-furnished-calm-area-well-maintained-jb-ID116982325.html,Unknown,Unknown,Unknown,70000.0,70.0,1000.0,2026-08-15 06:17
Dubizzle,https://www.olx.com.lb/ad/adonis-165m2-core-shell-prime-location-great-opportunity-eh-rh-ID116938294.html,Unknown,Unknown,Unknown,165000.0,165.0,1000.0,2026-08-15 06:17
Dubizzle,https://www.olx.com.lb/ad/bersaf-215m2-mountain-view-prime-location-quiet-area-tch-ID116938042.html,Bhorsaf,El Meten,El Meten,360000.0,215.0,1674.4,2026-08-15 06:17
Dubizzle,https://www.olx.com.lb/ad/broumana-140m2-mountain-view-need-renovation-quiet-street-tch-ID116937950.html,Broummana,El Meten,El Meten,225000.0,140.0,1607.1,2026-08-15 06:17
Dubizzle,https://www.olx.com.lb/ad/beit-misk-438m2-garden-terrace-townhouse-luxury-tch-ID116898945.html,Beit Misk,El Meten,El Meten,1500000.0,438.0,3424.7,2026-08-15 06:17
Dubizzle,https://www.olx.com.lb/ad/zouk-mosbeh-125m2-well-maintained-prime-location-catch-ehrh-ID116898912.html,Unknown,Unknown,Unknown,95000.0,125.0,760.0,2026-08-15 06:17
Dubizzle,https://www.olx.com.lb/ad/villa-for-sale-in-jouret-al-ballout-ID117028116.html,Jouret Al Ballout,El Meten,El Meten,2500000.0,1640.0,1524.4,2026-08-15 06:17
Dubizzle,https://www.olx.com.lb/ad/apartment-for-sale-in-bsalim-ID116981884.html,Bsalim,El Meten,El Meten,137000.0,160.0,856.2,2026-08-15 06:17
Dubizzle,https://www.olx.com.lb/ad/apartment-for-sale-in-ain-el-remmaneh-renovated-ID116981877.html,Ain El Remmaneh,Beirut,Beirut-Other,75000.0,60.0,1250.0,2026-08-15 06:17
Dubizzle,https://www.olx.com.lb/ad/%D9%81%D9%8A%D9%84%D8%A7-%D9%82%D9%8A%D8%AF-%D8%A7%D9%84%D8%A7%D9%86%D8%B4%D8%A7%D8%A1-%D8%A8%D8%AD%D9%85%D8%AF%D9%88%D9%86-%D8%A7%D9%84%D9%85%D8%AD%D8%B7%D8%A9-villa-under-construction-bhamdoun-ID116783430.html,Bhamdoun,Aley,Aley,1200000.0,1000.0,1200.0,2026-08-15 06:17
Dubizzle,https://www.olx.com.lb/ad/luxurious-duplex-for-sale-in-achrafieh-prime-location-ID116781713.html,Beirut,Unknown,Unknown,1000000.0,470.0,2127.7,2026-08-15 06:17
Dubizzle,https://www.olx.com.lb/ad/villa-for-sale-near-hammana-%D9%81%D9%8A%D9%84%D8%A7-%D9%84%D9%84%D8%A8%D9%8A%D8%B9-%D9%81%D9%8A-%D8%AD%D9%85%D8%A7%D9%86%D8%A7-ID112332720.html,Qornayel,Baabda,Baabda,1200000.0,500.0,2400.0,2026-08-15 06:17
Dubizzle,https://www.olx.com.lb/ad/apartment-for-sale-in-bchamoun-%D8%B4%D9%82%D8%A9-%D9%84%D9%84%D8%A8%D9%8A%D8%B9-%D9%81%D9%8A-%D8%A8%D8%B4%D8%A7%D9%85%D9%88%D9%86-ID117025465.html,Bchamoun,Aley,Aley,85000.0,120.0,708.3,2026-08-15 06:17
Dubizzle,https://www.olx.com.lb/ad/200-sqm-duplex-for-sale-in-roumieh-ID117025092.html,Roumieh,El Meten,El Meten,310000.0,200.0,1550.0,2026-08-15 06:17
Dubizzle,https://www.olx.com.lb/ad/ciel-et-jardin-towers-achrafieh-180-m2-for-sale-ID116785562.html,Beirut,Unknown,Unknown,600000.0,180.0,3333.3,2026-08-15 06:17
Dubizzle,https://www.olx.com.lb/ad/ciet-et-jardin-towers-achrafieh-170-m2-for-sale-ID116780476.html,Beirut,Unknown,Unknown,476000.0,170.0,2800.0,2026-08-15 06:17
Dubizzle,https://www.olx.com.lb/ad/227-sqm-3-bedrooms-apt-with-full-marina-view-for-sale-waterfront-dbaye-ID116745351.html,Dbaye,El Meten,El Meten,975000.0,227.0,4295.2,2026-08-15 06:17
Dubizzle,https://www.olx.com.lb/ad/luxurious-190m2-apartment-4ale-in-zalka-%D8%B4%D9%82%D8%A9-%D9%84%D9%84%D8%A8%D9%8A%D8%B9-%D9%81%D9%8A-%D8%A7%D9%84%D8%B2%D9%84%D9%82%D8%A7-ID116737326.html,Zalka,El Meten,El Meten,210000.0,190.0,1105.3,2026-08-15 06:17
Dubizzle,https://www.olx.com.lb/ad/villa-for-sale-cornet-chehwan-maten-ID115419322.html,Cornet Chahwan,El Meten,El Meten,3300000.0,3000.0,1100.0,2026-08-15 06:17
Dubizzle,https://www.olx.com.lb/ad/apartment-for-sale-in-naccache-chr30-%D8%B4%D9%82%D8%A9-%D9%84%D9%84%D8%A8%D9%8A%D8%B9-%D9%81%D9%8A-%D9%86%D9%82%D8%A7%D8%B4-ID116982172.html,Naccache,El Meten,El Meten,240000.0,140.0,1714.3,2026-08-15 06:17
Dubizzle,https://www.olx.com.lb/ad/apartment-for-sale-in-naccache-chr29-%D8%B4%D9%82%D8%A9-%D9%84%D9%84%D8%A8%D9%8A%D8%B9-%D9%81%D9%8A-%D9%86%D9%82%D8%A7%D8%B4-ID116981860.html,Naccache,El Meten,El Meten,208000.0,140.0,1485.7,2026-08-15 06:17
Dubizzle,https://www.olx.com.lb/ad/apartment-for-sale-in-jal-el-dib-cpfy298-%D8%B4%D9%82%D8%A9-%D9%84%D9%84%D8%A8%D9%8A%D8%B9-%D9%81%D9%8A-%D8%AC%D9%84-%D8%A7%D9%84%D8%AF%D9%8A%D8%A8-ID116959770.html,Jal El Dib,El Meten,El Meten,550000.0,240.0,2291.7,2026-08-15 06:17
Dubizzle,https://www.olx.com.lb/ad/ciel-et-jardin-towers-achrafieh-200-m2-for-sale-ID116789457.html,Beirut,Unknown,Unknown,580000.0,200.0,2900.0,2026-08-15 06:17
Dubizzle,https://www.olx.com.lb/ad/apartment-for-sale-in-hamra-ID117021841.html,Hamra,Beirut,Ras Beyrouth,370000.0,145.0,2551.7,2026-08-15 06:17
Dubizzle,https://www.olx.com.lb/ad/apartment-for-sale-in-antelias-%D8%B4%D9%82%D8%A9-%D9%84%D9%84%D8%A8%D9%8A%D8%B9-%D9%81%D9%8A-%D8%A3%D9%86%D8%B7%D9%84%D9%8A%D8%A7%D8%B3-cpes327-ID117006744.html,Antelias,El Meten,El Meten,125000.0,147.0,850.3,2026-08-15 06:17
Dubizzle,https://www.olx.com.lb/ad/apartment-with-terrace-for-sale-in-bsalim-%D8%B4%D9%82%D8%A9-%D9%84%D9%84%D8%A8%D9%8A%D8%B9-%23ss-ID116933062.html,Bsalim,El Meten,El Meten,359999.0,200.0,1800.0,2026-08-15 06:17
Dubizzle,https://www.olx.com.lb/ad/170m-3bedroom-renovated-furnished-achrafieh-siofi-garden-beirut-ID116987344.html,Sioufi,Beirut,Achrafieh,300000.0,170.0,1764.7,2026-08-15 06:17
Dubizzle,https://www.olx.com.lb/ad/terrace-apartment-for-sale-in-the-most-sought-after-in-mar-chaaya-ID116970425.html,Mar Chaaya,El Meten,El Meten,430000.0,220.0,1954.5,2026-08-15 06:17
Dubizzle,https://www.olx.com.lb/ad/sheileh-15m2-decorated-open-view-calm-area-private-street-to-ID117011049.html,Unknown,Unknown,Unknown,190000.0,155.0,1225.8,2026-08-15 06:17
Dubizzle,https://www.olx.com.lb/ad/luxurious-apartment-for-sale-in-monteverde-cpga70-ID116578746.html,Monteverde,El Meten,El Meten,500000.0,220.0,2272.7,2026-08-15 06:17
Dubizzle,https://www.olx.com.lb/ad/apartment-for-sale-in-hazmieh-cpmk217-ID116934244.html,Hazmieh,Baabda,Baabda,490000.0,265.0,1849.1,2026-08-15 06:17
Dubizzle,https://www.olx.com.lb/ad/amazing-simplex-for-sale-in-jal-el-dib-%D8%B4%D9%82%D8%A9-%D8%B1%D8%A7%D8%A6%D8%B9%D8%A9-%D9%84%D9%84%D8%A8%D9%8A%D8%B9-%D9%81%D9%8A-%D8%AC%D9%84-%D8%A7%D9%84%D8%AF%D9%8A%D8%A8-ID117006530.html,Jal El Dib,El Meten,El Meten,255000.0,210.0,1214.3,2026-08-15 06:17
Dubizzle,https://www.olx.com.lb/ad/apartment-for-sale-in-achrafieh-aa478-%D8%B4%D9%82%D8%A9-%D9%84%D9%84%D8%A8%D9%8A%D8%B9-%D9%81%D9%8A-%D8%A7%D9%84%D8%A3%D8%B4%D8%B1%D9%81%D9%8A%D8%A9-ID116981784.html,Beirut,Unknown,Unknown,150000.0,70.0,2142.9,2026-08-15 06:17
Dubizzle,https://www.olx.com.lb/ad/apartment-for-sale-in-achrafieh-aa475-%D8%B4%D9%82%D8%A9-%D9%84%D9%84%D8%A8%D9%8A%D8%B9-%D9%81%D9%8A-%D8%A7%D9%84%D8%A3%D8%B4%D8%B1%D9%81%D9%8A%D8%A9-ID116981673.html,Beirut,Unknown,Unknown,265000.0,145.0,1827.6,2026-08-15 06:17
Dubizzle,https://www.olx.com.lb/ad/apartment-for-sale-in-jbeil-gh442-%D8%B4%D9%82%D8%A9-%D9%81%D9%8A-%D8%AC%D8%A8%D9%8A%D9%84-ID116938579.html,Jbeil Town,Jbeil,Jbeil,95000.0,125.0,760.0,2026-08-15 06:17
Dubizzle,https://www.olx.com.lb/ad/apartment-for-sale-in-achrafieh-ny368-%D8%B4%D9%82%D8%A9-%D9%84%D9%84%D8%A8%D9%8A%D8%B9-%D9%81%D9%8A-%D8%A7%D9%84%D8%A3%D8%B4%D8%B1%D9%81%D9%8A%D8%A9-ID116937601.html,Sodeco,Beirut,Achrafieh,570000.0,195.0,2923.1,2026-08-15 06:17
Dubizzle,https://www.olx.com.lb/ad/apartment-for-sale-in-antelias-smdj10-%D8%B4%D9%82%D8%A9-%D9%84%D9%84%D8%A8%D9%8A%D8%B9-%D9%81%D9%8A-%D8%A3%D9%86%D8%B7%D9%84%D9%8A%D8%A7%D8%B3-ID116937569.html,Antelias,El Meten,El Meten,150000.0,210.0,714.3,2026-08-15 06:17
Dubizzle,https://www.olx.com.lb/ad/apartment-for-sale-in-dekwaneh-nd114-%D8%B4%D9%82%D8%A9-%D9%84%D9%84%D8%A8%D9%8A%D8%B9-%D9%81%D9%8A-%D8%AF%D9%83%D9%88%D8%A7%D9%86%D8%A9-ID116828937.html,Dekwaneh,El Meten,El Meten,145000.0,125.0,1160.0,2026-08-15 06:17
Dubizzle,https://www.olx.com.lb/ad/apartment-for-sale-in-antelias-%D8%B4%D9%82%D8%A9-%D9%84%D9%84%D8%A8%D9%8A%D8%B9-mh-ID117028101.html,Antelias,El Meten,El Meten,139999.0,120.0,1166.7,2026-08-15 06:17
Dubizzle,https://www.olx.com.lb/ad/apartment-for-sale-in-baabda-%D8%B4%D9%82%D8%A9-%D9%84%D9%84%D8%A8%D9%8A%D8%B9-%D9%81%D9%8A-%D8%A8%D8%B9%D8%A8%D8%AF%D8%A7-cpch68-ID117028093.html,Baabda Town,Baabda,Baabda,450000.0,320.0,1406.2,2026-08-15 06:17
Dubizzle,https://www.olx.com.lb/ad/new-apartments-for-sale-in-dekweneh-ID117026661.html,Dekwaneh,El Meten,El Meten,225000.0,120.0,1875.0,2026-08-15 06:17
Dubizzle,https://www.olx.com.lb/ad/rwb123hm-fully-furnished-duplex-apartment-for-sale-in-ghazir-ID116897011.html,Unknown,Unknown,Unknown,999000.0,550.0,1816.4,2026-08-15 06:17
Dubizzle,https://www.olx.com.lb/ad/rwb156dl-project-apartment-for-sale-in-batroun-ID116851801.html,Batroun Town,El Batroun,El Batroun,212100.0,152.0,1395.4,2026-08-15 06:17
Dubizzle,https://www.olx.com.lb/ad/apartment-for-sale-in-achrafieh-sea-view-ref-pa143-ID117028080.html,Beirut,Unknown,Unknown,750000.0,200.0,3750.0,2026-08-15 06:17
Dubizzle,https://www.olx.com.lb/ad/rwb404ca-stand-alone-house-for-sale-in-lehfed-jbeil-ID117028077.html,Lehfed,Jbeil,Jbeil,250000.0,200.0,1250.0,2026-08-15 06:17
Dubizzle,https://www.olx.com.lb/ad/rwb119rr-apartment-for-sale-in-al-bahsas-tripoli-ID116453942.html,Al Qalamoun,Tripoli,Tripoli,170000.0,175.0,971.4,2026-08-15 06:17
Dubizzle,https://www.olx.com.lb/ad/apartment-for-sale-in-achrafieh-an-%D8%B4%D9%82%D8%A9-%D9%84%D9%84%D8%A8%D9%8A%D8%B9-%D9%81%D9%8A-%D8%A7%D9%84%D8%A7%D8%B4%D8%B1%D9%81%D9%8A%D8%A9-ID117026645.html,Rmeil,Beirut,Remeil,300000.0,220.0,1363.6,2026-08-15 06:17
Dubizzle,https://www.olx.com.lb/ad/sheileh-450m2-villa-500m2-gardens-furnished-super-luxury-tyt-ID116969214.html,Unknown,Unknown,Unknown,850000.0,450.0,1888.9,2026-08-15 06:17
Dubizzle,https://www.olx.com.lb/ad/duplex-in-souk-kleiaat-150-sqm-prime-location-ID116938843.html,Unknown,Unknown,Unknown,135000.0,150.0,900.0,2026-08-15 06:17
Dubizzle,https://www.olx.com.lb/ad/feitroun-100-sqm-prime-location-ID116938834.html,Unknown,Unknown,Unknown,89000.0,100.0,890.0,2026-08-15 06:17
Dubizzle,https://www.olx.com.lb/ad/ballouneh-160m2-150m2-garden-open-view-prime-location-to-ID116860282.html,Unknown,Unknown,Unknown,210000.0,160.0,1312.5,2026-08-15 06:17
Dubizzle,https://www.olx.com.lb/ad/brand-new-duplex-for-sale-in-mar-chaaya-ID116816530.html,Mar Chaaya,El Meten,El Meten,150000.0,190.0,789.5,2026-08-15 06:17
Dubizzle,https://www.olx.com.lb/ad/ballouneh-1100m2-villa-designers-signature-fully-furnished-ga-ID116456695.html,Unknown,Unknown,Unknown,2900000.0,1100.0,2636.4,2026-08-15 06:17
Dubizzle,https://www.olx.com.lb/ad/sheileh-200m2-prime-location-panoramic-view-super-luxurious-ac-ID116254552.html,Unknown,Unknown,Unknown,260000.0,200.0,1300.0,2026-08-15 06:17
Dubizzle,https://www.olx.com.lb/ad/ballouneh-860m2-land200m2-house-private-street3075-ID108113870.html,Unknown,Unknown,Unknown,690000.0,200.0,3450.0,2026-08-15 06:17
Dubizzle,https://www.olx.com.lb/ad/new-sheileh-240m2-duplex-panoramic-view-luxury-calm-elto-ID116522390.html,Unknown,Unknown,Unknown,215000.0,240.0,895.8,2026-08-15 06:17
Dubizzle,https://www.olx.com.lb/ad/sheileh-210m2-120m2-rooftop-furnished-upgraded-view-ba-ID116346238.html,Unknown,Unknown,Unknown,260000.0,210.0,1238.1,2026-08-15 06:17
Dubizzle,https://www.olx.com.lb/ad/sheileh-190m2-excellent-condition-private-street-luxurious-ID116060524.html,Unknown,Unknown,Unknown,179000.0,190.0,942.1,2026-08-15 06:17
Dubizzle,https://www.olx.com.lb/ad/rwb384ca-apartment-for-sale-in-gherfine-jbeil-ID116897475.html,Gherfine,Jbeil,Jbeil,108000.0,120.0,900.0,2026-08-15 06:17
Dubizzle,https://www.olx.com.lb/ad/rwb323ca-apartment-for-sale-in-gherfine-jbeil-ID116700193.html,Gherfine,Jbeil,Jbeil,132000.0,120.0,1100.0,2026-08-15 06:17
Dubizzle,https://www.olx.com.lb/ad/new-sheileh-230m2-80m2-garden-new-private-street-catch-ID116403640.html,Unknown,Unknown,Unknown,240000.0,230.0,1043.5,2026-08-15 06:17
Dubizzle,https://www.olx.com.lb/ad/sheileh-220m2-25m2-terrace-duplex-super-luxury-view-to-ID116369459.html,Unknown,Unknown,Unknown,220000.0,220.0,1000.0,2026-08-15 06:17
Dubizzle,https://www.olx.com.lb/ad/sheileh-400m2-duplex-lease-to-own-new-super-luxury-ID116303426.html,Unknown,Unknown,Unknown,375000.0,400.0,937.5,2026-08-15 06:17
Dubizzle,https://www.olx.com.lb/ad/sheileh-200m2-120m2-garden-private-street-prime-location-wa-ID116050940.html,Unknown,Unknown,Unknown,200000.0,200.0,1000.0,2026-08-15 06:17
Dubizzle,https://www.olx.com.lb/ad/jeita-160m2-designers-signature-furnished-private-street-view-ID116586911.html,Unknown,Unknown,Unknown,270000.0,160.0,1687.5,2026-08-15 06:17
Dubizzle,https://www.olx.com.lb/ad/apartment-for-sale-in-verdun-r3241-ID117011863.html,Verdun,Beirut,Moussaytbeh,330000.0,120.0,2750.0,2026-08-15 06:17
Dubizzle,https://www.olx.com.lb/ad/apartment-for-sale-in-antelias-%D8%B4%D9%82%D8%A9-%D9%84%D9%84%D8%A8%D9%8A%D8%B9-%D9%81%D9%8A-%D8%A3%D9%86%D8%B7%D9%84%D9%8A%D8%A7%D8%B3-cpes327-ID117006744.html,Antelias,El Meten,El Meten,125000.0,147.0,850.3,2026-08-15 06:17
Dubizzle,https://www.olx.com.lb/ad/luxurious-apartment-160m-65m-terrace-for-sale-in-broumana-ID116979249.html,Broummana,El Meten,El Meten,229000.0,180.0,1272.2,2026-08-15 06:17
Dubizzle,https://www.olx.com.lb/ad/apartment-for-sale-in-chbaniyeh-hammana-%D8%B4%D9%82%D8%A9-%D9%84%D9%84%D8%A8%D9%8A%D8%B9-%D9%81%D9%8A-%D8%B4%D8%A8%D8%A7%D9%86%D9%8A%D9%87-%D8%AD%D9%85%D8%A7%D9%86%D8%A7-ID107284962.html,Chbaniyeh,Baabda,Baabda,185000.0,120.0,1541.7,2026-08-15 06:17
Dubizzle,https://www.olx.com.lb/ad/apartment-for-sale-in-antelias-seaview-ID117024945.html,Antelias,El Meten,El Meten,265000.0,230.0,1152.2,2026-08-15 06:17
Dubizzle,https://www.olx.com.lb/ad/decorated-furnished-170-m2-apartment-4sale-in-dikwene-mm56.a.64-ID116925329.html,Horsh Tabet,El Meten,El Meten,259000.0,170.0,1523.5,2026-08-15 06:17
Dubizzle,https://www.olx.com.lb/ad/apartment-for-sale-ain-saadeh-sea-view-%D8%B4%D9%82%D8%A9-%D9%84%D9%84%D8%A8%D9%8A%D8%B9-%D9%81%D9%8A-%D8%B9%D9%8A%D9%86-%D8%B3%D8%B9%D8%A7%D8%AF%D8%A9-ID116036804.html,Ain Saadeh,El Meten,El Meten,420000.0,225.0,1866.7,2026-08-15 06:17
Dubizzle,https://www.olx.com.lb/ad/sea-view-apartmernt-for-sale-in-jnah-cpbhs22-ID116896441.html,Jnah,Beirut,Saifeh,675000.0,270.0,2500.0,2026-08-15 06:17
Dubizzle,https://www.olx.com.lb/ad/sheileh-15m2-decorated-open-view-calm-area-private-street-to-ID117011049.html,Unknown,Unknown,Unknown,190000.0,155.0,1225.8,2026-08-15 06:17
Dubizzle,https://www.olx.com.lb/ad/ballouneh-860m2-land200m2-house-private-street3075-ID108113870.html,Unknown,Unknown,Unknown,690000.0,200.0,3450.0,2026-08-15 06:17
Dubizzle,https://www.olx.com.lb/ad/sheileh-175m2-90m2-rooftop-well-maintained-quiet-street-el-ID115998976.html,Unknown,Unknown,Unknown,170000.0,175.0,971.4,2026-08-15 06:17
Dubizzle,https://www.olx.com.lb/ad/new-sheileh-400m2-penthouse-upgraded-panoramic-view-negotiable-ID115472297.html,Unknown,Unknown,Unknown,400000.0,400.0,1000.0,2026-08-15 06:17
Dubizzle,https://www.olx.com.lb/ad/new-sheileh-1200m2-grand-villa-astonishing-view-furnished-ID115332315.html,Unknown,Unknown,Unknown,1200000.0,1200.0,1000.0,2026-08-15 06:17
Dubizzle,https://www.olx.com.lb/ad/apartment-with-terrace-for-sale-in-biyada-%D8%B4%D9%82%D8%A9-%D9%84%D9%84%D8%A8%D9%8A%D8%B9-mh-ID117028066.html,Biyada,El Meten,El Meten,154999.0,200.0,775.0,2026-08-15 06:17
Dubizzle,https://www.olx.com.lb/ad/jeita-165m2-100m2-terrace-prime-location-excellent-condition-o-ID116980888.html,Unknown,Unknown,Unknown,170000.0,165.0,1030.3,2026-08-15 06:17
Dubizzle,https://www.olx.com.lb/ad/under-construction-apartment-for-sale-in-rabweh-cpcf365-ID116938029.html,Rabweh,El Meten,El Meten,466000.0,280.0,1664.3,2026-08-15 06:17
Dubizzle,https://www.olx.com.lb/ad/jeita-165m2-prime-location-decorated-flat-open-view-el-ID116868713.html,Unknown,Unknown,Unknown,135000.0,165.0,818.2,2026-08-15 06:17
Dubizzle,https://www.olx.com.lb/ad/sheileh-120m2-80m2-terrace-brand-new-open-view-luxury-to-ID116733480.html,Unknown,Unknown,Unknown,124000.0,120.0,1033.3,2026-08-15 06:17
Dubizzle,https://www.olx.com.lb/ad/new-apartment-for-sale-in-mansourieh-cpga124-ID116685784.html,Mansourieh,El Meten,El Meten,265000.0,155.0,1709.7,2026-08-15 06:17
Dubizzle,https://www.olx.com.lb/ad/duplex-for-sale-in-fatka-cpkmt53-ID116677579.html,Unknown,Unknown,Unknown,290000.0,340.0,852.9,2026-08-15 06:17
Dubizzle,https://www.olx.com.lb/ad/rwk507ca-apartment-for-sale-in-sahel-alma-with-terrace-ID116638018.html,Unknown,Unknown,Unknown,470000.0,313.0,1501.6,2026-08-15 06:17
Dubizzle,https://www.olx.com.lb/ad/rwk590ca-apartment-for-sale-in-sahel-alma-%D8%B4%D9%82%D8%A9-%D9%84%D9%84%D8%A8%D9%8A%D8%B9-%D9%81%D9%8A-%D8%B3%D8%A7%D8%AD%D9%84-%D8%B9%D9%84%D9%85%D8%A7-ID116622384.html,Unknown,Unknown,Unknown,250000.0,200.0,1250.0,2026-08-15 06:17
Dubizzle,https://www.olx.com.lb/ad/apartment-for-sale-in-halat-housing-loan-esken-available-cpjhm09-ID116571868.html,Halat,Jbeil,Jbeil,180000.0,140.0,1285.7,2026-08-15 06:17
Dubizzle,https://www.olx.com.lb/ad/rwk617ca-5-villas-under-construction-for-sale-in-ghedres-ID116571053.html,Unknown,Unknown,Unknown,550000.0,340.0,1617.6,2026-08-15 06:17
Dubizzle,https://www.olx.com.lb/ad/rwk492ca-apartment-for-sale-in-sahel-alma-%D8%B4%D9%82%D8%A9-%D9%84%D9%84%D8%A8%D9%8A%D8%B9-%D9%81%D9%8A-%D8%B3%D8%A7%D8%AD%D9%84-%D8%B9%D9%84%D9%85%D8%A7-ID116548791.html,Unknown,Unknown,Unknown,390000.0,250.0,1560.0,2026-08-15 06:17
Dubizzle,https://www.olx.com.lb/ad/rwk490ca-apartment-for-sale-in-sahel-alma-%D8%B4%D9%82%D8%A9-%D9%84%D9%84%D8%A8%D9%8A%D8%B9-%D9%81%D9%8A-%D8%B3%D8%A7%D8%AD%D9%84-%D8%B9%D9%84%D9%85%D8%A7-ID116539583.html,Unknown,Unknown,Unknown,435000.0,220.0,1977.3,2026-08-15 06:17
Dubizzle,https://www.olx.com.lb/ad/rwk177ca-luxurious-apartment-for-sale-in-sahel-alma-ID116481722.html,Unknown,Unknown,Unknown,750000.0,400.0,1875.0,2026-08-15 06:17
Dubizzle,https://www.olx.com.lb/ad/rwk114ca-triplex-villa-for-sale-in-kfour-%D9%81%D9%8A%D9%84%D8%A7-%D9%84%D9%84%D8%A8%D9%8A%D8%B9-%D9%81%D9%8A-%D9%83%D9%81%D9%88%D8%B1-ID116479932.html,Unknown,Unknown,Unknown,2500000.0,2007.0,1245.6,2026-08-15 06:17
Dubizzle,https://www.olx.com.lb/ad/rwk110ca-stand-alone-house-for-sale-in-kfour-%D9%85%D9%86%D8%B2%D9%84-%D9%85%D8%B3%D8%AA%D9%82%D9%84-%D9%84%D9%84%D8%A8%D9%8A%D8%B9-ID116479859.html,Unknown,Unknown,Unknown,450000.0,600.0,750.0,2026-08-15 06:17
Dubizzle,https://www.olx.com.lb/ad/rwk475ca-apartment-for-sale-in-kfour-%D8%B4%D9%82%D8%A9-%D9%84%D9%84%D8%A8%D9%8A%D8%B9-%D9%81%D9%8A-%D8%A7%D9%84%D9%83%D9%81%D9%88%D8%B1-ID116463359.html,Unknown,Unknown,Unknown,145000.0,170.0,852.9,2026-08-15 06:17
Dubizzle,https://www.olx.com.lb/ad/rwk592ca-two-villas-under-construction-for-sale-in-chnaniir-ID116453793.html,Unknown,Unknown,Unknown,1000000.0,525.0,1904.8,2026-08-15 06:17
Dubizzle,https://www.olx.com.lb/ad/jeita-165m2-panoramic-view-excellent-condition-private-streetbg-ID116433218.html,Unknown,Unknown,Unknown,190000.0,165.0,1151.5,2026-08-15 06:17
Dubizzle,https://www.olx.com.lb/ad/rwk456ca-duplex-for-sale-in-sahel-alma-%D8%AF%D9%88%D8%A8%D9%84%D9%83%D8%B3-%D9%84%D9%84%D8%A8%D9%8A%D8%B9-%D9%81%D9%8A-%D8%B3%D8%A7%D8%AD%D9%84-%D8%B9%D9%84%D9%85%D8%A7-ID116421390.html,Unknown,Unknown,Unknown,350000.0,350.0,1000.0,2026-08-15 06:17
Dubizzle,https://www.olx.com.lb/ad/rwk298ca-apartment-for-sale-in-sahel-alma-%D8%B4%D9%82%D8%A9-%D9%84%D9%84%D8%A8%D9%8A%D8%B9-%D9%81%D9%8A-%D8%B3%D8%A7%D8%AD%D9%84-%D8%B9%D9%84%D9%85%D8%A7-ID116416593.html,Unknown,Unknown,Unknown,230000.0,180.0,1277.8,2026-08-15 06:17
Dubizzle,https://www.olx.com.lb/ad/jeita-370m2-duplex-designers-signature-impressive-view-catch-ID116308255.html,Unknown,Unknown,Unknown,300000.0,370.0,810.8,2026-08-15 06:17
Dubizzle,https://www.olx.com.lb/ad/rwk206ca-luxurious-apartment-for-sale-in-sahel-alma-ID116132356.html,Unknown,Unknown,Unknown,750000.0,375.0,2000.0,2026-08-15 06:17
Dubizzle,https://www.olx.com.lb/ad/rwk347ca-villa-for-sale-in-fatqa-with-a-pool-and-panoramic-view-ID116090584.html,Unknown,Unknown,Unknown,4000000.0,1550.0,2580.6,2026-08-15 06:17
Dubizzle,https://www.olx.com.lb/ad/rwk327ca-villa-for-sale-in-azra-with-a-breathtaking-view-ID116043307.html,Unknown,Unknown,Unknown,450000.0,450.0,1000.0,2026-08-15 06:17
Dubizzle,https://www.olx.com.lb/ad/rwk324ca-fully-decorated-apartment-for-sale-in-sahel-alma-ID116010046.html,Unknown,Unknown,Unknown,400000.0,240.0,1666.7,2026-08-15 06:17
Dubizzle,https://www.olx.com.lb/ad/rwk371ca-stand-alone-for-sale-in-ghedress-with-unblockable-sea-view-ID115855831.html,Unknown,Unknown,Unknown,320000.0,250.0,1280.0,2026-08-15 06:17
Dubizzle,https://www.olx.com.lb/ad/jeita-390m2-700m2-terracegarden-villa-luxury-to-ID115659602.html,Unknown,Unknown,Unknown,580000.0,390.0,1487.2,2026-08-15 06:17
Dubizzle,https://www.olx.com.lb/ad/apartment-for-sale-in-monteverde-under-construction-amazing-view-ID116958615.html,Monteverde,El Meten,El Meten,520000.0,200.0,2600.0,2026-08-15 06:17
Dubizzle,https://www.olx.com.lb/ad/bsalim-exceptional-luxury-residence-ID117019444.html,Bsalim,El Meten,El Meten,530000.0,230.0,2304.3,2026-08-15 06:17
Dubizzle,https://www.olx.com.lb/ad/apartment-for-sale-in-basta-%D8%B4%D9%82%D8%A9-%D9%84%D9%84%D8%A8%D9%8A%D8%B9-%D9%81%D9%8A-%D8%A8%D8%B3%D8%B7%D8%A9-ID116461728.html,Basta,Beirut,Beirut-Other,115000.0,105.0,1095.2,2026-08-15 06:17
Dubizzle,https://www.olx.com.lb/ad/ajaltoun-630m2-villa-1100m2-land-panoramic-view-high-end-ID115739657.html,Unknown,Unknown,Unknown,1000000.0,630.0,1587.3,2026-08-15 06:17
Dubizzle,https://www.olx.com.lb/ad/luxury-apartment-for-sale-in-baabdat-ID117015680.html,Baabdat,El Meten,El Meten,360000.0,185.0,1945.9,2026-08-15 06:17
Dubizzle,https://www.olx.com.lb/ad/prime-location-mounir-street-350-sqm-luxurious-sea-view-ID116007565.html,Broummana,El Meten,El Meten,800000.0,350.0,2285.7,2026-08-15 06:17
Dubizzle,https://www.olx.com.lb/ad/ballouneh-400m2-furnished-designers-signature-panoramic-view-el-ID116411147.html,Unknown,Unknown,Unknown,400000.0,400.0,1000.0,2026-08-15 06:17
Dubizzle,https://www.olx.com.lb/ad/apartment-for-sale-ID116713910.html,Aaramoun,Aley,Aley,167000.0,139.0,1201.4,2026-08-15 06:17
Dubizzle,https://www.olx.com.lb/ad/catch-apartement-for-sale-in-feytroun-ID117021649.html,Unknown,Unknown,Unknown,140000.0,224.0,625.0,2026-08-15 06:17
Dubizzle,https://www.olx.com.lb/ad/ajaltoun-140m2-new-prime-location-private-street-catch-ks-ID116991260.html,Unknown,Unknown,Unknown,150000.0,140.0,1071.4,2026-08-15 06:17
Dubizzle,https://www.olx.com.lb/ad/jeita-320m2-duplex-impressive-view-luxurious-private-street-ID114983055.html,Unknown,Unknown,Unknown,250000.0,320.0,781.2,2026-08-15 06:17
Dubizzle,https://www.olx.com.lb/ad/rwk662ca-brand-new-apartment-for-sale-in-sahel-alma-ID116953774.html,Unknown,Unknown,Unknown,320000.0,208.0,1538.5,2026-08-15 06:17
Dubizzle,https://www.olx.com.lb/ad/rwk267ca----amazing-apartment-for-sale-in-ghineh-ID116919697.html,Unknown,Unknown,Unknown,105000.0,120.0,875.0,2026-08-15 06:17
Dubizzle,https://www.olx.com.lb/ad/rwk652ca---exclusive!-apartment-for-sale-in-sahel-alma-with-sea-view!-ID116912303.html,Unknown,Unknown,Unknown,290000.0,210.0,1381.0,2026-08-15 06:17
Dubizzle,https://www.olx.com.lb/ad/rwk640ca-exclusive-apartment-for-sale-in-adma-ID116875294.html,Unknown,Unknown,Unknown,179000.0,140.0,1278.6,2026-08-15 06:17
Dubizzle,https://www.olx.com.lb/ad/rwk637ca-exclusive-apartment-for-sale-in-sahel-alma-ID116853461.html,Unknown,Unknown,Unknown,425000.0,220.0,1931.8,2026-08-15 06:17
Dubizzle,https://www.olx.com.lb/ad/rwk635ca-exclusive-apartment-for-sale-in-sahel-alma-ID116849213.html,Unknown,Unknown,Unknown,300000.0,165.0,1818.2,2026-08-15 06:17
Dubizzle,https://www.olx.com.lb/ad/rwk632ca-villa-for-sale-in-fatqa-with-open-view-ID116841943.html,Unknown,Unknown,Unknown,770000.0,550.0,1400.0,2026-08-15 06:17
Dubizzle,https://www.olx.com.lb/ad/rwk631ca-apartment-for-sale-in-kfour-with-large-terrace-ID116841858.html,Unknown,Unknown,Unknown,260000.0,220.0,1181.8,2026-08-15 06:17
Dubizzle,https://www.olx.com.lb/ad/rwk188ca-duplex-for-sale-with-open-sea-view-in-sahel-alma-ID116841831.html,Unknown,Unknown,Unknown,630000.0,270.0,2333.3,2026-08-15 06:17
Dubizzle,https://www.olx.com.lb/ad/rwk433ca-duplex-house-for-sale-in-chahtoul-with-an-amazing-view-ID116747343.html,Unknown,Unknown,Unknown,200000.0,93.0,2150.5,2026-08-15 06:17
Dubizzle,https://www.olx.com.lb/ad/rwk425ca-apartment-for-sale-in-sahel-alma-with-a-breathtaking-view-ID116747322.html,Unknown,Unknown,Unknown,550000.0,400.0,1375.0,2026-08-15 06:17
Dubizzle,https://www.olx.com.lb/ad/rwk243ca-fully-furnished-apartment-for-sale-in-zaytoun-ID116719443.html,Unknown,Unknown,Unknown,120000.0,145.0,827.6,2026-08-15 06:17
Dubizzle,https://www.olx.com.lb/ad/rwk455ca-traditional-house-for-sale-in-ghbeleh-with-an-amazing-view-ID116719246.html,Unknown,Unknown,Unknown,370000.0,350.0,1057.1,2026-08-15 06:17
Dubizzle,https://www.olx.com.lb/ad/rwk601ca-apartment-for-sale-in-sahel-alma-ID116708824.html,Unknown,Unknown,Unknown,250000.0,200.0,1250.0,2026-08-15 06:17
Dubizzle,https://www.olx.com.lb/ad/ain-el-rihaneh-180m2-new-furnished-view-upgraded-my-ID115848465.html,Unknown,Unknown,Unknown,170000.0,180.0,944.4,2026-08-15 06:17
Dubizzle,https://www.olx.com.lb/ad/jeita-230m2-excellent-apartment-furnished-mountain-view-ID115430271.html,Unknown,Unknown,Unknown,240000.0,230.0,1043.5,2026-08-15 06:17
Dubizzle,https://www.olx.com.lb/ad/%D8%B4%D9%82%D8%A9-%D9%85%D9%85%D9%8A%D8%B2%D8%A9-%D9%84%D9%84%D8%A8%D9%8A%D8%B9-%D9%81%D9%8A-%D9%83%D9%88%D8%B1%D9%86%D9%8A%D8%B4-%D8%A7%D9%84%D9%85%D8%B2%D8%B1%D8%B9%D8%A9-%D8%AC%D9%87%D8%A9-%D8%A7%D9%84%D8%A3%D9%88%D9%86%D9%8A%D8%B3%D9%83%D9%88-ID117028059.html,Mazraa,Beirut,Mazraa,430000.0,220.0,1954.5,2026-08-15 06:17
Dubizzle,https://www.olx.com.lb/ad/villa-for-sale-zaarour-%D9%81%D9%8A%D9%84%D8%A7-%D9%84%D9%84%D8%A8%D9%8A%D8%B9-%D8%A7%D9%84%D8%B2%D8%B9%D8%B1%D9%88%D8%B1-ID117019096.html,Zaarour,El Meten,El Meten,990000.0,1000.0,990.0,2026-08-15 06:17
Dubizzle,https://www.olx.com.lb/ad/apartment-for-sale-in-ras-el-nabeh-%7C-%D8%B4%D9%82%D8%A9-%D9%84%D9%84%D8%A8%D9%8A%D8%B9-%D9%81%D9%8A-%D8%B1%D8%A3%D8%B3-%D8%A7%D9%84%D9%86%D8%A8%D8%B9-ID116931710.html,Ras Al Nabaa,Beirut,Mazraa,1200000.0,470.0,2553.2,2026-08-15 06:17
Dubizzle,https://www.olx.com.lb/ad/rwb200ea-brand-new-duplex-for-sale-in-bouar-ID116166322.html,Unknown,Unknown,Unknown,260000.0,330.0,787.9,2026-08-15 06:17
Dubizzle,https://www.olx.com.lb/ad/apartment-for-sale-in-ramlet-el-bayda-i-spacious-well-maintained-ID115828300.html,Ramlet el Bayda,Beirut,Moussaytbeh,1500000.0,360.0,4166.7,2026-08-15 06:17
Dubizzle,https://www.olx.com.lb/ad/rwb499ea-brand-new-apartment-for-sale-in-bouar-ID116650546.html,Unknown,Unknown,Unknown,158000.0,130.0,1215.4,2026-08-15 06:17
Dubizzle,https://www.olx.com.lb/ad/250-sqm-prime-location-apartment-in-ain-saadeh-metn-ID116236236.html,QM Prime Location Apartment in Ain Saadeh,El Meten,El Meten,330000.0,250.0,1320.0,2026-08-15 06:17
Dubizzle,https://www.olx.com.lb/ad/duplex-for-sale-bhorsaf-%D8%AF%D9%88%D8%A8%D9%84%D9%83%D8%B3-%D9%84%D9%84%D8%A8%D9%8A%D8%B9-%D8%A8%D8%AD%D8%B1%D8%B5%D8%A7%D9%81-ID117019077.html,Bhorsaf,El Meten,El Meten,300000.0,300.0,1000.0,2026-08-15 06:17
Dubizzle,https://www.olx.com.lb/ad/apartment-for-sale-in-ghadir%D8%B4%D9%82%D8%A9-%D9%84%D9%84%D8%A8%D9%8A%D8%B9-%D9%81%D9%8A-%D8%BA%D8%AF%D9%8A%D8%B1-ID117014495.html,Unknown,Unknown,Unknown,360000.0,450.0,800.0,2026-08-15 06:17
Dubizzle,https://www.olx.com.lb/ad/vb-7202-apartment-for-sale-in-ajaltoun-%D8%B4%D9%82%D8%A9-%D9%84%D9%84%D8%A8%D9%8A%D8%B9-%D9%81%D9%8A-%D8%B9%D8%AC%D9%84%D8%AA%D9%88%D9%86-ID117008574.html,Unknown,Unknown,Unknown,170000.0,220.0,772.7,2026-08-15 06:17
Dubizzle,https://www.olx.com.lb/ad/new-apartment-for-sale-in-mar-chaaya-175-sqm-with-150-sqm-terrace-ID116989123.html,Mar Chaaya,El Meten,El Meten,450000.0,175.0,2571.4,2026-08-15 06:17
Dubizzle,https://www.olx.com.lb/ad/spacious-apartment-for-sale-in-jdeideh-w-open-views-ID116853782.html,Jdaide,El Meten,El Meten,230000.0,170.0,1352.9,2026-08-15 06:17
Dubizzle,https://www.olx.com.lb/ad/apartment-for-sale-in-achrafieh-calm-area-ID117028037.html,Beirut,Unknown,Unknown,210000.0,122.0,1721.3,2026-08-15 06:17
Dubizzle,https://www.olx.com.lb/ad/super-deluxe-apartment-for-sale-ehden-rf-ID117014479.html,Ehden,Zgharta,Zgharta,182000.0,157.0,1159.2,2026-08-15 06:17
Dubizzle,https://www.olx.com.lb/ad/jc-4495-apartment-for-sale-in-dora-%D8%B4%D9%82%D8%A9-%D9%84%D9%84%D8%A8%D9%8A%D8%B9-%D9%81%D9%8A-%D8%A7%D9%84%D8%AF%D9%88%D8%B1%D8%A9-ID116993326.html,Dora,El Meten,El Meten,110000.0,120.0,916.7,2026-08-15 06:17
FB Marketplace,https://www.facebook.com/marketplace,Achrafieh,Beirut,Achrafieh,220000.0,120.0,1833.3,2026-08-15 06:17
FB Marketplace,https://www.facebook.com/marketplace,Achrafieh,Beirut,Achrafieh,350000.0,180.0,1944.4,2026-08-15 06:17
FB Marketplace,https://www.facebook.com/marketplace,Hamra,Beirut,Ras Beyrouth,180000.0,110.0,1636.4,2026-08-15 06:17
FB Marketplace,https://www.facebook.com/marketplace,Verdun,Beirut,Moussaytbeh,340000.0,170.0,2000.0,2026-08-15 06:17
FB Marketplace,https://www.facebook.com/marketplace,Badaro,Beirut,Mazraa,260000.0,140.0,1857.1,2026-08-15 06:17
FB Marketplace,https://www.facebook.com/marketplace,Jnah,Beirut,Saifeh,380000.0,210.0,1809.5,2026-08-15 06:17
FB Marketplace,https://www.facebook.com/marketplace,Ras Beirut,Beirut,Ras Beyrouth,450000.0,210.0,2142.9,2026-08-15 06:17
FB Marketplace,https://www.facebook.com/marketplace,Mar Mikhael,Beirut,Remeil,195000.0,100.0,1950.0,2026-08-15 06:17
FB Marketplace,https://www.facebook.com/marketplace,Ramlet el Bayda,Beirut,Moussaytbeh,580000.0,260.0,2230.8,2026-08-15 06:17
FB Marketplace,https://www.facebook.com/marketplace,Gemmayzeh,Beirut,Saifeh,280000.0,130.0,2153.8,2026-08-15 06:17
FB Marketplace,https://www.facebook.com/marketplace,Ain El Mraiseh,Beirut,Ain el-Mreisseh,420000.0,170.0,2470.6,2026-08-15 06:17
FB Marketplace,https://www.facebook.com/marketplace,Sin El Fil,El Meten,El Meten,140000.0,90.0,1555.6,2026-08-15 06:17
FB Marketplace,https://www.facebook.com/marketplace,Bourj Hammoud,El Meten,El Meten,95000.0,75.0,1266.7,2026-08-15 06:17
FB Marketplace,https://www.facebook.com/marketplace,Jal El Dib,El Meten,El Meten,170000.0,95.0,1789.5,2026-08-15 06:17
FB Marketplace,https://www.facebook.com/marketplace,Chiyah,Baabda,Baabda,105000.0,80.0,1312.5,2026-08-15 06:17
FB Marketplace,https://www.facebook.com/marketplace,Hazmieh,Baabda,Baabda,250000.0,110.0,2272.7,2026-08-15 06:17
FB Marketplace,https://www.facebook.com/marketplace,Jounieh,Kesrwane,Kesrwane,200000.0,100.0,2000.0,2026-08-15 06:17
FB Marketplace,https://www.facebook.com/marketplace,Tripoli,Tripoli,Tripoli,75000.0,85.0,882.4,2026-08-15 06:17
FB Marketplace,https://www.facebook.com/marketplace,Batroun,El Batroun,El Batroun,120000.0,90.0,1333.3,2026-08-15 06:17
FB Marketplace,https://www.facebook.com/marketplace,Saida,Saida,Saida,90000.0,100.0,900.0,2026-08-15 06:17
FB Marketplace,https://www.facebook.com/marketplace,Tyre,Sour,Sour,70000.0,80.0,875.0,2026-08-15 06:17
FB Marketplace,https://www.facebook.com/marketplace,Zahle,Zahle,Zahle,100000.0,110.0,909.1,2026-08-15 06:17
